[2025-02-20T23:33:41.457+0000] {manager.py:483} INFO - Processing files using up to 2 processes at a time 
[2025-02-20T23:33:41.457+0000] {manager.py:484} INFO - Process each file at most once every 30 seconds
[2025-02-20T23:33:41.457+0000] {manager.py:485} INFO - Checking for new files in /opt/airflow/dags every 300 seconds
[2025-02-20T23:33:41.457+0000] {manager.py:821} INFO - Searching for files in /opt/airflow/dags
[2025-02-20T23:33:41.458+0000] {manager.py:824} INFO - There are 1 files in /opt/airflow/dags
[2025-02-20T23:33:41.481+0000] {manager.py:997} INFO - 
================================================================================
DAG File Processing Stats

File Path                          PID  Runtime      # DAGs    # Errors  Last Runtime    Last Run      Last # of DB Queries
-------------------------------  -----  ---------  --------  ----------  --------------  ----------  ----------------------
/opt/airflow/dags/reddit_dag.py     37  0.01s             0           0                                                   0
================================================================================
[2025-02-20T23:34:11.742+0000] {manager.py:997} INFO - 
================================================================================
DAG File Processing Stats

File Path                          PID  Runtime      # DAGs    # Errors  Last Runtime    Last Run               Last # of DB Queries
-------------------------------  -----  ---------  --------  ----------  --------------  -------------------  ----------------------
/opt/airflow/dags/reddit_dag.py     38  0.01s             0           1  0.02s           2025-02-20T23:33:41                       3
================================================================================
[2025-02-20T23:34:42.099+0000] {manager.py:997} INFO - 
================================================================================
DAG File Processing Stats

File Path                          PID  Runtime      # DAGs    # Errors  Last Runtime    Last Run               Last # of DB Queries
-------------------------------  -----  ---------  --------  ----------  --------------  -------------------  ----------------------
/opt/airflow/dags/reddit_dag.py     39  0.00s             0           1  0.07s           2025-02-20T23:34:11                       5
================================================================================
[2025-02-20T23:35:12.472+0000] {manager.py:997} INFO - 
================================================================================
DAG File Processing Stats

File Path                          PID  Runtime      # DAGs    # Errors  Last Runtime    Last Run               Last # of DB Queries
-------------------------------  -----  ---------  --------  ----------  --------------  -------------------  ----------------------
/opt/airflow/dags/reddit_dag.py     40  0.01s             0           1  0.04s           2025-02-20T23:34:42                       5
================================================================================
[2025-02-20T23:35:42.790+0000] {manager.py:997} INFO - 
================================================================================
DAG File Processing Stats

File Path                          PID  Runtime      # DAGs    # Errors  Last Runtime    Last Run               Last # of DB Queries
-------------------------------  -----  ---------  --------  ----------  --------------  -------------------  ----------------------
/opt/airflow/dags/reddit_dag.py     41  0.00s             0           1  0.05s           2025-02-20T23:35:12                       5
================================================================================
[2025-02-20T23:36:13.113+0000] {manager.py:997} INFO - 
================================================================================
DAG File Processing Stats

File Path                          PID  Runtime      # DAGs    # Errors  Last Runtime    Last Run               Last # of DB Queries
-------------------------------  -----  ---------  --------  ----------  --------------  -------------------  ----------------------
/opt/airflow/dags/reddit_dag.py     42  0.01s             0           1  0.04s           2025-02-20T23:35:42                       5
================================================================================
[2025-02-20T23:36:43.451+0000] {manager.py:997} INFO - 
================================================================================
DAG File Processing Stats

File Path                          PID  Runtime      # DAGs    # Errors  Last Runtime    Last Run               Last # of DB Queries
-------------------------------  -----  ---------  --------  ----------  --------------  -------------------  ----------------------
/opt/airflow/dags/reddit_dag.py     43  0.01s             0           1  0.05s           2025-02-20T23:36:13                       5
================================================================================
[2025-02-20T23:37:13.798+0000] {manager.py:997} INFO - 
================================================================================
DAG File Processing Stats

File Path                          PID  Runtime      # DAGs    # Errors  Last Runtime    Last Run               Last # of DB Queries
-------------------------------  -----  ---------  --------  ----------  --------------  -------------------  ----------------------
/opt/airflow/dags/reddit_dag.py     44  0.01s             0           1  0.05s           2025-02-20T23:36:43                       5
================================================================================
[2025-02-20T23:37:44.168+0000] {manager.py:997} INFO - 
================================================================================
DAG File Processing Stats

File Path                          PID  Runtime      # DAGs    # Errors  Last Runtime    Last Run               Last # of DB Queries
-------------------------------  -----  ---------  --------  ----------  --------------  -------------------  ----------------------
/opt/airflow/dags/reddit_dag.py     45  0.00s             0           1  0.04s           2025-02-20T23:37:13                       5
================================================================================
[2025-02-20T23:38:14.500+0000] {manager.py:997} INFO - 
================================================================================
DAG File Processing Stats

File Path                          PID  Runtime      # DAGs    # Errors  Last Runtime    Last Run               Last # of DB Queries
-------------------------------  -----  ---------  --------  ----------  --------------  -------------------  ----------------------
/opt/airflow/dags/reddit_dag.py     46  0.01s             0           1  0.04s           2025-02-20T23:37:44                       5
================================================================================
[2025-02-20T23:38:41.761+0000] {manager.py:821} INFO - Searching for files in /opt/airflow/dags
[2025-02-20T23:38:41.769+0000] {manager.py:824} INFO - There are 1 files in /opt/airflow/dags
[2025-02-20T23:38:44.825+0000] {manager.py:997} INFO - 
================================================================================
DAG File Processing Stats

File Path                          PID  Runtime      # DAGs    # Errors  Last Runtime    Last Run               Last # of DB Queries
-------------------------------  -----  ---------  --------  ----------  --------------  -------------------  ----------------------
/opt/airflow/dags/reddit_dag.py     47  0.02s             0           1  0.05s           2025-02-20T23:38:14                       5
================================================================================
[2025-02-20T23:39:15.200+0000] {manager.py:997} INFO - 
================================================================================
DAG File Processing Stats

File Path                          PID  Runtime      # DAGs    # Errors  Last Runtime    Last Run               Last # of DB Queries
-------------------------------  -----  ---------  --------  ----------  --------------  -------------------  ----------------------
/opt/airflow/dags/reddit_dag.py     48  0.01s             0           1  0.11s           2025-02-20T23:38:44                       5
================================================================================
[2025-02-20T23:39:45.566+0000] {manager.py:997} INFO - 
================================================================================
DAG File Processing Stats

File Path                          PID  Runtime      # DAGs    # Errors  Last Runtime    Last Run               Last # of DB Queries
-------------------------------  -----  ---------  --------  ----------  --------------  -------------------  ----------------------
/opt/airflow/dags/reddit_dag.py     49  0.01s             0           1  0.08s           2025-02-20T23:39:15                       5
================================================================================
[2025-02-20T23:40:15.909+0000] {manager.py:997} INFO - 
================================================================================
DAG File Processing Stats

File Path                          PID  Runtime      # DAGs    # Errors  Last Runtime    Last Run               Last # of DB Queries
-------------------------------  -----  ---------  --------  ----------  --------------  -------------------  ----------------------
/opt/airflow/dags/reddit_dag.py     50  0.01s             0           1  0.07s           2025-02-20T23:39:45                       5
================================================================================
[2025-02-20T23:40:46.237+0000] {manager.py:997} INFO - 
================================================================================
DAG File Processing Stats

File Path                          PID  Runtime      # DAGs    # Errors  Last Runtime    Last Run               Last # of DB Queries
-------------------------------  -----  ---------  --------  ----------  --------------  -------------------  ----------------------
/opt/airflow/dags/reddit_dag.py     51  0.01s             0           1  0.08s           2025-02-20T23:40:15                       5
================================================================================
[2025-02-20T23:41:16.527+0000] {manager.py:997} INFO - 
================================================================================
DAG File Processing Stats

File Path                          PID  Runtime      # DAGs    # Errors  Last Runtime    Last Run               Last # of DB Queries
-------------------------------  -----  ---------  --------  ----------  --------------  -------------------  ----------------------
/opt/airflow/dags/reddit_dag.py     52  0.01s             0           1  0.06s           2025-02-20T23:40:46                       5
================================================================================
[2025-02-20T23:41:46.800+0000] {manager.py:997} INFO - 
================================================================================
DAG File Processing Stats

File Path                          PID  Runtime      # DAGs    # Errors  Last Runtime    Last Run               Last # of DB Queries
-------------------------------  -----  ---------  --------  ----------  --------------  -------------------  ----------------------
/opt/airflow/dags/reddit_dag.py     53  0.00s             0           1  0.09s           2025-02-20T23:41:16                       5
================================================================================
[2025-02-20T23:42:17.053+0000] {manager.py:997} INFO - 
================================================================================
DAG File Processing Stats

File Path                          PID  Runtime      # DAGs    # Errors  Last Runtime    Last Run               Last # of DB Queries
-------------------------------  -----  ---------  --------  ----------  --------------  -------------------  ----------------------
/opt/airflow/dags/reddit_dag.py     54  0.00s             0           1  0.04s           2025-02-20T23:41:46                       5
================================================================================
[2025-02-20T23:42:47.343+0000] {manager.py:997} INFO - 
================================================================================
DAG File Processing Stats

File Path                          PID  Runtime      # DAGs    # Errors  Last Runtime    Last Run               Last # of DB Queries
-------------------------------  -----  ---------  --------  ----------  --------------  -------------------  ----------------------
/opt/airflow/dags/reddit_dag.py     55  0.00s             0           1  0.04s           2025-02-20T23:42:17                       5
================================================================================
[2025-02-20T23:43:17.665+0000] {manager.py:997} INFO - 
================================================================================
DAG File Processing Stats

File Path                          PID  Runtime      # DAGs    # Errors  Last Runtime    Last Run               Last # of DB Queries
-------------------------------  -----  ---------  --------  ----------  --------------  -------------------  ----------------------
/opt/airflow/dags/reddit_dag.py     56  0.01s             0           1  0.04s           2025-02-20T23:42:47                       5
================================================================================
[2025-02-20T23:43:41.884+0000] {manager.py:821} INFO - Searching for files in /opt/airflow/dags
[2025-02-20T23:43:41.896+0000] {manager.py:824} INFO - There are 1 files in /opt/airflow/dags
[2025-02-20T23:43:47.982+0000] {manager.py:997} INFO - 
================================================================================
DAG File Processing Stats

File Path                          PID  Runtime      # DAGs    # Errors  Last Runtime    Last Run               Last # of DB Queries
-------------------------------  -----  ---------  --------  ----------  --------------  -------------------  ----------------------
/opt/airflow/dags/reddit_dag.py     57  0.01s             0           1  0.06s           2025-02-20T23:43:17                       5
================================================================================
[2025-02-20T23:44:18.337+0000] {manager.py:997} INFO - 
================================================================================
DAG File Processing Stats

File Path                          PID  Runtime      # DAGs    # Errors  Last Runtime    Last Run               Last # of DB Queries
-------------------------------  -----  ---------  --------  ----------  --------------  -------------------  ----------------------
/opt/airflow/dags/reddit_dag.py     58  0.01s             0           1  0.05s           2025-02-20T23:43:48                       5
================================================================================
[2025-02-20T23:44:48.720+0000] {manager.py:997} INFO - 
================================================================================
DAG File Processing Stats

File Path                          PID  Runtime      # DAGs    # Errors  Last Runtime    Last Run               Last # of DB Queries
-------------------------------  -----  ---------  --------  ----------  --------------  -------------------  ----------------------
/opt/airflow/dags/reddit_dag.py     59  0.01s             0           1  0.05s           2025-02-20T23:44:18                       5
================================================================================
[2025-02-20T23:45:19.127+0000] {manager.py:997} INFO - 
================================================================================
DAG File Processing Stats

File Path                          PID  Runtime      # DAGs    # Errors  Last Runtime    Last Run               Last # of DB Queries
-------------------------------  -----  ---------  --------  ----------  --------------  -------------------  ----------------------
/opt/airflow/dags/reddit_dag.py     60  0.01s             0           1  0.06s           2025-02-20T23:44:48                       5
================================================================================
[2025-02-20T23:45:49.501+0000] {manager.py:997} INFO - 
================================================================================
DAG File Processing Stats

File Path                          PID  Runtime      # DAGs    # Errors  Last Runtime    Last Run               Last # of DB Queries
-------------------------------  -----  ---------  --------  ----------  --------------  -------------------  ----------------------
/opt/airflow/dags/reddit_dag.py     61  0.01s             0           1  0.08s           2025-02-20T23:45:19                       5
================================================================================
[2025-02-20T23:46:19.862+0000] {manager.py:997} INFO - 
================================================================================
DAG File Processing Stats

File Path                          PID  Runtime      # DAGs    # Errors  Last Runtime    Last Run               Last # of DB Queries
-------------------------------  -----  ---------  --------  ----------  --------------  -------------------  ----------------------
/opt/airflow/dags/reddit_dag.py     62  0.01s             0           1  0.09s           2025-02-20T23:45:49                       5
================================================================================
[2025-02-20T23:46:50.221+0000] {manager.py:997} INFO - 
================================================================================
DAG File Processing Stats

File Path                          PID  Runtime      # DAGs    # Errors  Last Runtime    Last Run               Last # of DB Queries
-------------------------------  -----  ---------  --------  ----------  --------------  -------------------  ----------------------
/opt/airflow/dags/reddit_dag.py     63  0.01s             0           1  0.05s           2025-02-20T23:46:19                       5
================================================================================
[2025-02-20T23:47:20.630+0000] {manager.py:997} INFO - 
================================================================================
DAG File Processing Stats

File Path                          PID  Runtime      # DAGs    # Errors  Last Runtime    Last Run               Last # of DB Queries
-------------------------------  -----  ---------  --------  ----------  --------------  -------------------  ----------------------
/opt/airflow/dags/reddit_dag.py     64  0.01s             0           1  0.09s           2025-02-20T23:46:50                       5
================================================================================
[2025-02-20T23:47:51.026+0000] {manager.py:997} INFO - 
================================================================================
DAG File Processing Stats

File Path                          PID  Runtime      # DAGs    # Errors  Last Runtime    Last Run               Last # of DB Queries
-------------------------------  -----  ---------  --------  ----------  --------------  -------------------  ----------------------
/opt/airflow/dags/reddit_dag.py     65  0.01s             0           1  0.06s           2025-02-20T23:47:20                       5
================================================================================
[2025-02-20T23:48:21.367+0000] {manager.py:997} INFO - 
================================================================================
DAG File Processing Stats

File Path                          PID  Runtime      # DAGs    # Errors  Last Runtime    Last Run               Last # of DB Queries
-------------------------------  -----  ---------  --------  ----------  --------------  -------------------  ----------------------
/opt/airflow/dags/reddit_dag.py     66  0.01s             0           1  0.07s           2025-02-20T23:47:51                       5
================================================================================
[2025-02-20T23:48:42.579+0000] {manager.py:821} INFO - Searching for files in /opt/airflow/dags
[2025-02-20T23:48:42.585+0000] {manager.py:824} INFO - There are 1 files in /opt/airflow/dags
[2025-02-20T23:48:51.689+0000] {manager.py:997} INFO - 
================================================================================
DAG File Processing Stats

File Path                          PID  Runtime      # DAGs    # Errors  Last Runtime    Last Run               Last # of DB Queries
-------------------------------  -----  ---------  --------  ----------  --------------  -------------------  ----------------------
/opt/airflow/dags/reddit_dag.py     67  0.01s             0           1  0.05s           2025-02-20T23:48:21                       5
================================================================================
[2025-02-20T23:49:22.060+0000] {manager.py:997} INFO - 
================================================================================
DAG File Processing Stats

File Path                          PID  Runtime      # DAGs    # Errors  Last Runtime    Last Run               Last # of DB Queries
-------------------------------  -----  ---------  --------  ----------  --------------  -------------------  ----------------------
/opt/airflow/dags/reddit_dag.py     68  0.02s             0           1  0.05s           2025-02-20T23:48:51                       5
================================================================================
[2025-02-20T23:49:52.506+0000] {manager.py:997} INFO - 
================================================================================
DAG File Processing Stats

File Path                        PID    Runtime      # DAGs    # Errors  Last Runtime    Last Run               Last # of DB Queries
-------------------------------  -----  ---------  --------  ----------  --------------  -------------------  ----------------------
/opt/airflow/dags/reddit_dag.py                           0           1  0.04s           2025-02-20T23:49:28                       5
================================================================================
[2025-02-20T23:50:22.838+0000] {manager.py:997} INFO - 
================================================================================
DAG File Processing Stats

File Path                        PID    Runtime      # DAGs    # Errors  Last Runtime    Last Run               Last # of DB Queries
-------------------------------  -----  ---------  --------  ----------  --------------  -------------------  ----------------------
/opt/airflow/dags/reddit_dag.py                           0           1  0.04s           2025-02-20T23:49:58                       5
================================================================================
[2025-02-20T23:50:53.236+0000] {manager.py:997} INFO - 
================================================================================
DAG File Processing Stats

File Path                        PID    Runtime      # DAGs    # Errors  Last Runtime    Last Run               Last # of DB Queries
-------------------------------  -----  ---------  --------  ----------  --------------  -------------------  ----------------------
/opt/airflow/dags/reddit_dag.py                           0           1  0.08s           2025-02-20T23:50:28                       5
================================================================================
[2025-02-20T23:51:23.619+0000] {manager.py:997} INFO - 
================================================================================
DAG File Processing Stats

File Path                        PID    Runtime      # DAGs    # Errors  Last Runtime    Last Run               Last # of DB Queries
-------------------------------  -----  ---------  --------  ----------  --------------  -------------------  ----------------------
/opt/airflow/dags/reddit_dag.py                           0           1  0.04s           2025-02-20T23:50:59                       5
================================================================================
[2025-02-20T23:51:54.007+0000] {manager.py:997} INFO - 
================================================================================
DAG File Processing Stats

File Path                        PID    Runtime      # DAGs    # Errors  Last Runtime    Last Run               Last # of DB Queries
-------------------------------  -----  ---------  --------  ----------  --------------  -------------------  ----------------------
/opt/airflow/dags/reddit_dag.py                           0           1  0.06s           2025-02-20T23:51:29                       5
================================================================================
[2025-02-20T23:52:24.368+0000] {manager.py:997} INFO - 
================================================================================
DAG File Processing Stats

File Path                          PID  Runtime      # DAGs    # Errors  Last Runtime    Last Run               Last # of DB Queries
-------------------------------  -----  ---------  --------  ----------  --------------  -------------------  ----------------------
/opt/airflow/dags/reddit_dag.py     75  0.02s             0           1  0.04s           2025-02-20T23:52:00                       5
================================================================================
[2025-02-20T23:52:54.735+0000] {manager.py:997} INFO - 
================================================================================
DAG File Processing Stats

File Path                          PID  Runtime      # DAGs    # Errors  Last Runtime    Last Run               Last # of DB Queries
-------------------------------  -----  ---------  --------  ----------  --------------  -------------------  ----------------------
/opt/airflow/dags/reddit_dag.py     76  0.01s             0           1  0.10s           2025-02-20T23:52:24                       5
================================================================================
[2025-02-20T23:53:25.101+0000] {manager.py:997} INFO - 
================================================================================
DAG File Processing Stats

File Path                          PID  Runtime      # DAGs    # Errors  Last Runtime    Last Run               Last # of DB Queries
-------------------------------  -----  ---------  --------  ----------  --------------  -------------------  ----------------------
/opt/airflow/dags/reddit_dag.py     77  0.01s             0           1  0.04s           2025-02-20T23:52:54                       5
================================================================================
[2025-02-20T23:53:43.287+0000] {manager.py:821} INFO - Searching for files in /opt/airflow/dags
[2025-02-20T23:53:43.292+0000] {manager.py:824} INFO - There are 1 files in /opt/airflow/dags
[2025-02-20T23:53:55.442+0000] {manager.py:997} INFO - 
================================================================================
DAG File Processing Stats

File Path                          PID  Runtime      # DAGs    # Errors  Last Runtime    Last Run               Last # of DB Queries
-------------------------------  -----  ---------  --------  ----------  --------------  -------------------  ----------------------
/opt/airflow/dags/reddit_dag.py     78  0.01s             0           1  0.06s           2025-02-20T23:53:25                       5
================================================================================
[2025-02-20T23:54:25.826+0000] {manager.py:997} INFO - 
================================================================================
DAG File Processing Stats

File Path                          PID  Runtime      # DAGs    # Errors  Last Runtime    Last Run               Last # of DB Queries
-------------------------------  -----  ---------  --------  ----------  --------------  -------------------  ----------------------
/opt/airflow/dags/reddit_dag.py     79  0.02s             0           1  0.04s           2025-02-20T23:53:55                       5
================================================================================
[2025-02-20T23:54:56.166+0000] {manager.py:997} INFO - 
================================================================================
DAG File Processing Stats

File Path                          PID  Runtime      # DAGs    # Errors  Last Runtime    Last Run               Last # of DB Queries
-------------------------------  -----  ---------  --------  ----------  --------------  -------------------  ----------------------
/opt/airflow/dags/reddit_dag.py     80  0.01s             0           1  0.07s           2025-02-20T23:54:25                       5
================================================================================
[2025-02-20T23:55:25.849+0000] {manager.py:465} INFO - Exiting gracefully upon receiving signal 15
[2025-02-20T23:57:27.664+0000] {manager.py:483} INFO - Processing files using up to 2 processes at a time 
[2025-02-20T23:57:27.664+0000] {manager.py:484} INFO - Process each file at most once every 30 seconds
[2025-02-20T23:57:27.665+0000] {manager.py:485} INFO - Checking for new files in /opt/airflow/dags every 300 seconds
[2025-02-20T23:57:27.665+0000] {manager.py:821} INFO - Searching for files in /opt/airflow/dags
[2025-02-20T23:57:27.667+0000] {manager.py:824} INFO - There are 1 files in /opt/airflow/dags
[2025-02-20T23:57:27.696+0000] {manager.py:997} INFO - 
================================================================================
DAG File Processing Stats

File Path                          PID  Runtime      # DAGs    # Errors  Last Runtime    Last Run      Last # of DB Queries
-------------------------------  -----  ---------  --------  ----------  --------------  ----------  ----------------------
/opt/airflow/dags/reddit_dag.py     37  0.01s             0           0                                                   0
================================================================================
[2025-02-20T23:57:57.993+0000] {manager.py:997} INFO - 
================================================================================
DAG File Processing Stats

File Path                          PID  Runtime      # DAGs    # Errors  Last Runtime    Last Run               Last # of DB Queries
-------------------------------  -----  ---------  --------  ----------  --------------  -------------------  ----------------------
/opt/airflow/dags/reddit_dag.py     38  0.01s             0           1  0.03s           2025-02-20T23:57:27                       3
================================================================================
[2025-02-20T23:58:28.376+0000] {manager.py:997} INFO - 
================================================================================
DAG File Processing Stats

File Path                          PID  Runtime      # DAGs    # Errors  Last Runtime    Last Run               Last # of DB Queries
-------------------------------  -----  ---------  --------  ----------  --------------  -------------------  ----------------------
/opt/airflow/dags/reddit_dag.py     39  0.01s             0           1  0.04s           2025-02-20T23:57:58                       5
================================================================================
[2025-02-20T23:58:58.704+0000] {manager.py:997} INFO - 
================================================================================
DAG File Processing Stats

File Path                          PID  Runtime      # DAGs    # Errors  Last Runtime    Last Run               Last # of DB Queries
-------------------------------  -----  ---------  --------  ----------  --------------  -------------------  ----------------------
/opt/airflow/dags/reddit_dag.py     40  0.00s             0           1  0.05s           2025-02-20T23:58:28                       5
================================================================================
[2025-02-20T23:59:29.100+0000] {manager.py:997} INFO - 
================================================================================
DAG File Processing Stats

File Path                          PID  Runtime      # DAGs    # Errors  Last Runtime    Last Run               Last # of DB Queries
-------------------------------  -----  ---------  --------  ----------  --------------  -------------------  ----------------------
/opt/airflow/dags/reddit_dag.py     41  0.01s             0           1  0.04s           2025-02-20T23:58:58                       5
================================================================================
[2025-02-20T23:59:59.487+0000] {manager.py:997} INFO - 
================================================================================
DAG File Processing Stats

File Path                          PID  Runtime      # DAGs    # Errors  Last Runtime    Last Run               Last # of DB Queries
-------------------------------  -----  ---------  --------  ----------  --------------  -------------------  ----------------------
/opt/airflow/dags/reddit_dag.py     42  0.01s             0           1  0.04s           2025-02-20T23:59:29                       5
================================================================================
[2025-02-21T00:00:29.876+0000] {manager.py:997} INFO - 
================================================================================
DAG File Processing Stats

File Path                          PID  Runtime      # DAGs    # Errors  Last Runtime    Last Run               Last # of DB Queries
-------------------------------  -----  ---------  --------  ----------  --------------  -------------------  ----------------------
/opt/airflow/dags/reddit_dag.py     43  0.01s             0           1  0.05s           2025-02-20T23:59:59                       5
================================================================================
[2025-02-21T00:01:00.275+0000] {manager.py:997} INFO - 
================================================================================
DAG File Processing Stats

File Path                          PID  Runtime      # DAGs    # Errors  Last Runtime    Last Run               Last # of DB Queries
-------------------------------  -----  ---------  --------  ----------  --------------  -------------------  ----------------------
/opt/airflow/dags/reddit_dag.py     44  0.02s             0           1  0.06s           2025-02-21T00:00:29                       5
================================================================================
[2025-02-21T00:01:16.615+0000] {manager.py:465} INFO - Exiting gracefully upon receiving signal 15
[2025-02-21T00:01:31.087+0000] {manager.py:483} INFO - Processing files using up to 2 processes at a time 
[2025-02-21T00:01:31.087+0000] {manager.py:484} INFO - Process each file at most once every 30 seconds
[2025-02-21T00:01:31.088+0000] {manager.py:485} INFO - Checking for new files in /opt/airflow/dags every 300 seconds
[2025-02-21T00:01:31.088+0000] {manager.py:821} INFO - Searching for files in /opt/airflow/dags
[2025-02-21T00:01:31.089+0000] {manager.py:824} INFO - There are 1 files in /opt/airflow/dags
[2025-02-21T00:01:31.113+0000] {manager.py:997} INFO - 
================================================================================
DAG File Processing Stats

File Path                          PID  Runtime      # DAGs    # Errors  Last Runtime    Last Run      Last # of DB Queries
-------------------------------  -----  ---------  --------  ----------  --------------  ----------  ----------------------
/opt/airflow/dags/reddit_dag.py     37  0.01s             0           0                                                   0
================================================================================
[2025-02-21T00:02:01.398+0000] {manager.py:997} INFO - 
================================================================================
DAG File Processing Stats

File Path                          PID  Runtime      # DAGs    # Errors  Last Runtime    Last Run               Last # of DB Queries
-------------------------------  -----  ---------  --------  ----------  --------------  -------------------  ----------------------
/opt/airflow/dags/reddit_dag.py     38  0.01s             0           1  0.02s           2025-02-21T00:01:31                       3
================================================================================
[2025-02-21T00:02:31.782+0000] {manager.py:997} INFO - 
================================================================================
DAG File Processing Stats

File Path                          PID  Runtime      # DAGs    # Errors  Last Runtime    Last Run               Last # of DB Queries
-------------------------------  -----  ---------  --------  ----------  --------------  -------------------  ----------------------
/opt/airflow/dags/reddit_dag.py     39  0.01s             0           1  0.06s           2025-02-21T00:02:01                       5
================================================================================
[2025-02-21T00:03:02.150+0000] {manager.py:997} INFO - 
================================================================================
DAG File Processing Stats

File Path                          PID  Runtime      # DAGs    # Errors  Last Runtime    Last Run               Last # of DB Queries
-------------------------------  -----  ---------  --------  ----------  --------------  -------------------  ----------------------
/opt/airflow/dags/reddit_dag.py     40  0.01s             0           1  0.05s           2025-02-21T00:02:31                       5
================================================================================
[2025-02-21T00:03:32.568+0000] {manager.py:997} INFO - 
================================================================================
DAG File Processing Stats

File Path                          PID  Runtime      # DAGs    # Errors  Last Runtime    Last Run               Last # of DB Queries
-------------------------------  -----  ---------  --------  ----------  --------------  -------------------  ----------------------
/opt/airflow/dags/reddit_dag.py     41  0.01s             0           1  0.05s           2025-02-21T00:03:02                       5
================================================================================
[2025-02-21T00:04:02.953+0000] {manager.py:997} INFO - 
================================================================================
DAG File Processing Stats

File Path                          PID  Runtime      # DAGs    # Errors  Last Runtime    Last Run               Last # of DB Queries
-------------------------------  -----  ---------  --------  ----------  --------------  -------------------  ----------------------
/opt/airflow/dags/reddit_dag.py     42  0.01s             0           1  0.05s           2025-02-21T00:03:32                       5
================================================================================
[2025-02-21T00:04:33.302+0000] {manager.py:997} INFO - 
================================================================================
DAG File Processing Stats

File Path                          PID  Runtime      # DAGs    # Errors  Last Runtime    Last Run               Last # of DB Queries
-------------------------------  -----  ---------  --------  ----------  --------------  -------------------  ----------------------
/opt/airflow/dags/reddit_dag.py     43  0.01s             0           1  0.06s           2025-02-21T00:04:02                       5
================================================================================
[2025-02-21T00:04:59.860+0000] {manager.py:465} INFO - Exiting gracefully upon receiving signal 15
[2025-02-21T00:05:12.442+0000] {manager.py:483} INFO - Processing files using up to 2 processes at a time 
[2025-02-21T00:05:12.443+0000] {manager.py:484} INFO - Process each file at most once every 30 seconds
[2025-02-21T00:05:12.444+0000] {manager.py:485} INFO - Checking for new files in /opt/airflow/dags every 300 seconds
[2025-02-21T00:05:12.444+0000] {manager.py:821} INFO - Searching for files in /opt/airflow/dags
[2025-02-21T00:05:12.449+0000] {manager.py:824} INFO - There are 1 files in /opt/airflow/dags
[2025-02-21T00:05:12.484+0000] {manager.py:997} INFO - 
================================================================================
DAG File Processing Stats

File Path                          PID  Runtime      # DAGs    # Errors  Last Runtime    Last Run      Last # of DB Queries
-------------------------------  -----  ---------  --------  ----------  --------------  ----------  ----------------------
/opt/airflow/dags/reddit_dag.py     38  0.01s             0           0                                                   0
================================================================================
[2025-02-21T00:05:42.770+0000] {manager.py:997} INFO - 
================================================================================
DAG File Processing Stats

File Path                          PID  Runtime      # DAGs    # Errors  Last Runtime    Last Run               Last # of DB Queries
-------------------------------  -----  ---------  --------  ----------  --------------  -------------------  ----------------------
/opt/airflow/dags/reddit_dag.py     39  0.01s             0           1  0.07s           2025-02-21T00:05:12                       5
================================================================================
[2025-02-21T00:06:13.171+0000] {manager.py:997} INFO - 
================================================================================
DAG File Processing Stats

File Path                          PID  Runtime      # DAGs    # Errors  Last Runtime    Last Run               Last # of DB Queries
-------------------------------  -----  ---------  --------  ----------  --------------  -------------------  ----------------------
/opt/airflow/dags/reddit_dag.py     40  0.01s             0           1  0.04s           2025-02-21T00:05:42                       5
================================================================================
[2025-02-21T00:06:43.548+0000] {manager.py:997} INFO - 
================================================================================
DAG File Processing Stats

File Path                          PID  Runtime      # DAGs    # Errors  Last Runtime    Last Run               Last # of DB Queries
-------------------------------  -----  ---------  --------  ----------  --------------  -------------------  ----------------------
/opt/airflow/dags/reddit_dag.py     41  0.01s             0           1  0.05s           2025-02-21T00:06:13                       5
================================================================================
[2025-02-21T00:07:13.919+0000] {manager.py:997} INFO - 
================================================================================
DAG File Processing Stats

File Path                          PID  Runtime      # DAGs    # Errors  Last Runtime    Last Run               Last # of DB Queries
-------------------------------  -----  ---------  --------  ----------  --------------  -------------------  ----------------------
/opt/airflow/dags/reddit_dag.py     42  0.02s             0           1  0.06s           2025-02-21T00:06:43                       5
================================================================================
[2025-02-21T00:07:44.314+0000] {manager.py:997} INFO - 
================================================================================
DAG File Processing Stats

File Path                        PID    Runtime      # DAGs    # Errors  Last Runtime    Last Run               Last # of DB Queries
-------------------------------  -----  ---------  --------  ----------  --------------  -------------------  ----------------------
/opt/airflow/dags/reddit_dag.py                           0           1  0.04s           2025-02-21T00:07:23                       5
================================================================================
[2025-02-21T00:08:14.689+0000] {manager.py:997} INFO - 
================================================================================
DAG File Processing Stats

File Path                        PID    Runtime      # DAGs    # Errors  Last Runtime    Last Run               Last # of DB Queries
-------------------------------  -----  ---------  --------  ----------  --------------  -------------------  ----------------------
/opt/airflow/dags/reddit_dag.py                           0           1  0.05s           2025-02-21T00:07:53                       5
================================================================================
[2025-02-21T00:08:45.073+0000] {manager.py:997} INFO - 
================================================================================
DAG File Processing Stats

File Path                        PID    Runtime      # DAGs    # Errors  Last Runtime    Last Run               Last # of DB Queries
-------------------------------  -----  ---------  --------  ----------  --------------  -------------------  ----------------------
/opt/airflow/dags/reddit_dag.py                           0           1  0.09s           2025-02-21T00:08:23                       5
================================================================================
[2025-02-21T00:09:15.401+0000] {manager.py:997} INFO - 
================================================================================
DAG File Processing Stats

File Path                        PID    Runtime      # DAGs    # Errors  Last Runtime    Last Run               Last # of DB Queries
-------------------------------  -----  ---------  --------  ----------  --------------  -------------------  ----------------------
/opt/airflow/dags/reddit_dag.py                           0           1  0.03s           2025-02-21T00:08:54                       5
================================================================================
[2025-02-21T00:09:45.767+0000] {manager.py:997} INFO - 
================================================================================
DAG File Processing Stats

File Path                        PID    Runtime      # DAGs    # Errors  Last Runtime    Last Run               Last # of DB Queries
-------------------------------  -----  ---------  --------  ----------  --------------  -------------------  ----------------------
/opt/airflow/dags/reddit_dag.py                           0           1  0.03s           2025-02-21T00:09:24                       5
================================================================================
[2025-02-21T00:10:13.086+0000] {manager.py:821} INFO - Searching for files in /opt/airflow/dags
[2025-02-21T00:10:13.099+0000] {manager.py:824} INFO - There are 1 files in /opt/airflow/dags
[2025-02-21T00:10:16.148+0000] {manager.py:997} INFO - 
================================================================================
DAG File Processing Stats

File Path                        PID    Runtime      # DAGs    # Errors  Last Runtime    Last Run               Last # of DB Queries
-------------------------------  -----  ---------  --------  ----------  --------------  -------------------  ----------------------
/opt/airflow/dags/reddit_dag.py                           0           1  0.05s           2025-02-21T00:09:54                       5
================================================================================
[2025-02-21T00:10:46.509+0000] {manager.py:997} INFO - 
================================================================================
DAG File Processing Stats

File Path                        PID    Runtime      # DAGs    # Errors  Last Runtime    Last Run               Last # of DB Queries
-------------------------------  -----  ---------  --------  ----------  --------------  -------------------  ----------------------
/opt/airflow/dags/reddit_dag.py                           0           1  0.05s           2025-02-21T00:10:33                       5
================================================================================
[2025-02-21T00:11:16.852+0000] {manager.py:997} INFO - 
================================================================================
DAG File Processing Stats

File Path                        PID    Runtime      # DAGs    # Errors  Last Runtime    Last Run               Last # of DB Queries
-------------------------------  -----  ---------  --------  ----------  --------------  -------------------  ----------------------
/opt/airflow/dags/reddit_dag.py                           0           1  0.04s           2025-02-21T00:11:03                       5
================================================================================
[2025-02-21T00:11:47.217+0000] {manager.py:997} INFO - 
================================================================================
DAG File Processing Stats

File Path                        PID    Runtime      # DAGs    # Errors  Last Runtime    Last Run               Last # of DB Queries
-------------------------------  -----  ---------  --------  ----------  --------------  -------------------  ----------------------
/opt/airflow/dags/reddit_dag.py                           0           1  0.25s           2025-02-21T00:11:28                       5
================================================================================
[2025-02-21T00:12:17.622+0000] {manager.py:997} INFO - 
================================================================================
DAG File Processing Stats

File Path                        PID    Runtime      # DAGs    # Errors  Last Runtime    Last Run               Last # of DB Queries
-------------------------------  -----  ---------  --------  ----------  --------------  -------------------  ----------------------
/opt/airflow/dags/reddit_dag.py                           0           1  0.15s           2025-02-21T00:11:58                       5
================================================================================
[2025-02-21T00:12:48.101+0000] {manager.py:997} INFO - 
================================================================================
DAG File Processing Stats

File Path                        PID    Runtime      # DAGs    # Errors  Last Runtime    Last Run               Last # of DB Queries
-------------------------------  -----  ---------  --------  ----------  --------------  -------------------  ----------------------
/opt/airflow/dags/reddit_dag.py                           0           1  0.17s           2025-02-21T00:12:41                       5
================================================================================
[2025-02-21T00:13:18.520+0000] {manager.py:997} INFO - 
================================================================================
DAG File Processing Stats

File Path                        PID    Runtime      # DAGs    # Errors  Last Runtime    Last Run               Last # of DB Queries
-------------------------------  -----  ---------  --------  ----------  --------------  -------------------  ----------------------
/opt/airflow/dags/reddit_dag.py                           0           1  0.14s           2025-02-21T00:13:11                       5
================================================================================
[2025-02-21T00:13:48.940+0000] {manager.py:997} INFO - 
================================================================================
DAG File Processing Stats

File Path                        PID    Runtime      # DAGs    # Errors  Last Runtime    Last Run               Last # of DB Queries
-------------------------------  -----  ---------  --------  ----------  --------------  -------------------  ----------------------
/opt/airflow/dags/reddit_dag.py                           0           1  0.15s           2025-02-21T00:13:24                       5
================================================================================
[2025-02-21T00:14:19.316+0000] {manager.py:997} INFO - 
================================================================================
DAG File Processing Stats

File Path                        PID    Runtime      # DAGs    # Errors  Last Runtime    Last Run               Last # of DB Queries
-------------------------------  -----  ---------  --------  ----------  --------------  -------------------  ----------------------
/opt/airflow/dags/reddit_dag.py                           0           1  0.16s           2025-02-21T00:13:55                       5
================================================================================
[2025-02-21T00:14:46.819+0000] {manager.py:465} INFO - Exiting gracefully upon receiving signal 15
[2025-02-21T00:15:17.377+0000] {manager.py:483} INFO - Processing files using up to 2 processes at a time 
[2025-02-21T00:15:17.377+0000] {manager.py:484} INFO - Process each file at most once every 30 seconds
[2025-02-21T00:15:17.377+0000] {manager.py:485} INFO - Checking for new files in /opt/airflow/dags every 300 seconds
[2025-02-21T00:15:17.378+0000] {manager.py:821} INFO - Searching for files in /opt/airflow/dags
[2025-02-21T00:15:17.379+0000] {manager.py:824} INFO - There are 1 files in /opt/airflow/dags
[2025-02-21T00:15:17.403+0000] {manager.py:997} INFO - 
================================================================================
DAG File Processing Stats

File Path                          PID  Runtime      # DAGs    # Errors  Last Runtime    Last Run      Last # of DB Queries
-------------------------------  -----  ---------  --------  ----------  --------------  ----------  ----------------------
/opt/airflow/dags/reddit_dag.py     36  0.01s             0           0                                                   0
================================================================================
[2025-02-21T00:15:47.674+0000] {manager.py:997} INFO - 
================================================================================
DAG File Processing Stats

File Path                        PID    Runtime      # DAGs    # Errors  Last Runtime    Last Run               Last # of DB Queries
-------------------------------  -----  ---------  --------  ----------  --------------  -------------------  ----------------------
/opt/airflow/dags/reddit_dag.py                           1           0  0.30s           2025-02-21T00:15:17                      42
================================================================================
[2025-02-21T00:16:01.524+0000] {manager.py:465} INFO - Exiting gracefully upon receiving signal 15
[2025-02-21T00:16:14.480+0000] {manager.py:483} INFO - Processing files using up to 2 processes at a time 
[2025-02-21T00:16:14.480+0000] {manager.py:484} INFO - Process each file at most once every 30 seconds
[2025-02-21T00:16:14.480+0000] {manager.py:485} INFO - Checking for new files in /opt/airflow/dags every 300 seconds
[2025-02-21T00:16:14.480+0000] {manager.py:821} INFO - Searching for files in /opt/airflow/dags
[2025-02-21T00:16:14.482+0000] {manager.py:824} INFO - There are 1 files in /opt/airflow/dags
[2025-02-21T00:16:14.505+0000] {manager.py:997} INFO - 
================================================================================
DAG File Processing Stats

File Path                          PID  Runtime      # DAGs    # Errors  Last Runtime    Last Run      Last # of DB Queries
-------------------------------  -----  ---------  --------  ----------  --------------  ----------  ----------------------
/opt/airflow/dags/reddit_dag.py     37  0.01s             0           0                                                   0
================================================================================
[2025-02-21T00:16:44.824+0000] {manager.py:997} INFO - 
================================================================================
DAG File Processing Stats

File Path                          PID  Runtime      # DAGs    # Errors  Last Runtime    Last Run               Last # of DB Queries
-------------------------------  -----  ---------  --------  ----------  --------------  -------------------  ----------------------
/opt/airflow/dags/reddit_dag.py     39  0.01s             1           0  0.27s           2025-02-21T00:16:14                      42
================================================================================
[2025-02-21T00:17:15.123+0000] {manager.py:997} INFO - 
================================================================================
DAG File Processing Stats

File Path                          PID  Runtime      # DAGs    # Errors  Last Runtime    Last Run               Last # of DB Queries
-------------------------------  -----  ---------  --------  ----------  --------------  -------------------  ----------------------
/opt/airflow/dags/reddit_dag.py     41  0.01s             1           0  0.20s           2025-02-21T00:16:45                      12
================================================================================
[2025-02-21T00:17:45.699+0000] {manager.py:997} INFO - 
================================================================================
DAG File Processing Stats

File Path                          PID  Runtime      # DAGs    # Errors  Last Runtime    Last Run               Last # of DB Queries
-------------------------------  -----  ---------  --------  ----------  --------------  -------------------  ----------------------
/opt/airflow/dags/reddit_dag.py     43  0.01s             1           0  0.22s           2025-02-21T00:17:15                      12
================================================================================
[2025-02-21T00:18:16.050+0000] {manager.py:997} INFO - 
================================================================================
DAG File Processing Stats

File Path                          PID  Runtime      # DAGs    # Errors  Last Runtime    Last Run               Last # of DB Queries
-------------------------------  -----  ---------  --------  ----------  --------------  -------------------  ----------------------
/opt/airflow/dags/reddit_dag.py     45  0.01s             1           0  0.23s           2025-02-21T00:17:45                      12
================================================================================
[2025-02-21T00:18:46.549+0000] {manager.py:997} INFO - 
================================================================================
DAG File Processing Stats

File Path                          PID  Runtime      # DAGs    # Errors  Last Runtime    Last Run               Last # of DB Queries
-------------------------------  -----  ---------  --------  ----------  --------------  -------------------  ----------------------
/opt/airflow/dags/reddit_dag.py     47  0.01s             1           0  0.22s           2025-02-21T00:18:16                      12
================================================================================
[2025-02-21T00:19:16.977+0000] {manager.py:997} INFO - 
================================================================================
DAG File Processing Stats

File Path                          PID  Runtime      # DAGs    # Errors  Last Runtime    Last Run               Last # of DB Queries
-------------------------------  -----  ---------  --------  ----------  --------------  -------------------  ----------------------
/opt/airflow/dags/reddit_dag.py     49  0.02s             1           0  0.20s           2025-02-21T00:18:46                      12
================================================================================
[2025-02-21T00:19:47.383+0000] {manager.py:997} INFO - 
================================================================================
DAG File Processing Stats

File Path                          PID  Runtime      # DAGs    # Errors  Last Runtime    Last Run               Last # of DB Queries
-------------------------------  -----  ---------  --------  ----------  --------------  -------------------  ----------------------
/opt/airflow/dags/reddit_dag.py     51  0.00s             1           0  0.21s           2025-02-21T00:19:17                      12
================================================================================
[2025-02-21T00:20:17.754+0000] {manager.py:997} INFO - 
================================================================================
DAG File Processing Stats

File Path                          PID  Runtime      # DAGs    # Errors  Last Runtime    Last Run               Last # of DB Queries
-------------------------------  -----  ---------  --------  ----------  --------------  -------------------  ----------------------
/opt/airflow/dags/reddit_dag.py     53  0.01s             1           0  0.19s           2025-02-21T00:19:47                      12
================================================================================
[2025-02-21T00:20:48.244+0000] {manager.py:997} INFO - 
================================================================================
DAG File Processing Stats

File Path                          PID  Runtime      # DAGs    # Errors  Last Runtime    Last Run               Last # of DB Queries
-------------------------------  -----  ---------  --------  ----------  --------------  -------------------  ----------------------
/opt/airflow/dags/reddit_dag.py     55  0.01s             1           0  0.23s           2025-02-21T00:20:17                      12
================================================================================
[2025-02-21T00:21:14.579+0000] {manager.py:821} INFO - Searching for files in /opt/airflow/dags
[2025-02-21T00:21:14.586+0000] {manager.py:824} INFO - There are 1 files in /opt/airflow/dags
[2025-02-21T00:21:18.656+0000] {manager.py:997} INFO - 
================================================================================
DAG File Processing Stats

File Path                          PID  Runtime      # DAGs    # Errors  Last Runtime    Last Run               Last # of DB Queries
-------------------------------  -----  ---------  --------  ----------  --------------  -------------------  ----------------------
/opt/airflow/dags/reddit_dag.py     57  0.01s             1           0  0.22s           2025-02-21T00:20:48                      12
================================================================================
[2025-02-21T00:21:49.120+0000] {manager.py:997} INFO - 
================================================================================
DAG File Processing Stats

File Path                          PID  Runtime      # DAGs    # Errors  Last Runtime    Last Run               Last # of DB Queries
-------------------------------  -----  ---------  --------  ----------  --------------  -------------------  ----------------------
/opt/airflow/dags/reddit_dag.py     59  0.01s             1           0  0.19s           2025-02-21T00:21:18                      12
================================================================================
[2025-02-21T00:22:04.081+0000] {manager.py:465} INFO - Exiting gracefully upon receiving signal 15
[2025-02-21T00:23:53.268+0000] {manager.py:483} INFO - Processing files using up to 2 processes at a time 
[2025-02-21T00:23:53.268+0000] {manager.py:484} INFO - Process each file at most once every 30 seconds
[2025-02-21T00:23:53.269+0000] {manager.py:485} INFO - Checking for new files in /opt/airflow/dags every 300 seconds
[2025-02-21T00:23:53.269+0000] {manager.py:821} INFO - Searching for files in /opt/airflow/dags
[2025-02-21T00:23:53.270+0000] {manager.py:824} INFO - There are 1 files in /opt/airflow/dags
[2025-02-21T00:23:53.292+0000] {manager.py:997} INFO - 
================================================================================
DAG File Processing Stats

File Path                          PID  Runtime      # DAGs    # Errors  Last Runtime    Last Run      Last # of DB Queries
-------------------------------  -----  ---------  --------  ----------  --------------  ----------  ----------------------
/opt/airflow/dags/reddit_dag.py     38  0.01s             0           0                                                   0
================================================================================
[2025-02-21T00:24:23.649+0000] {manager.py:997} INFO - 
================================================================================
DAG File Processing Stats

File Path                          PID  Runtime      # DAGs    # Errors  Last Runtime    Last Run               Last # of DB Queries
-------------------------------  -----  ---------  --------  ----------  --------------  -------------------  ----------------------
/opt/airflow/dags/reddit_dag.py     40  0.02s             1           0  0.25s           2025-02-21T00:23:53                      41
================================================================================
[2025-02-21T00:24:54.192+0000] {manager.py:997} INFO - 
================================================================================
DAG File Processing Stats

File Path                          PID  Runtime      # DAGs    # Errors  Last Runtime    Last Run               Last # of DB Queries
-------------------------------  -----  ---------  --------  ----------  --------------  -------------------  ----------------------
/opt/airflow/dags/reddit_dag.py     42  0.01s             1           0  0.27s           2025-02-21T00:24:23                      12
================================================================================
[2025-02-21T00:25:17.836+0000] {manager.py:465} INFO - Exiting gracefully upon receiving signal 15
[2025-02-21T00:28:54.676+0000] {manager.py:483} INFO - Processing files using up to 2 processes at a time 
[2025-02-21T00:28:54.677+0000] {manager.py:484} INFO - Process each file at most once every 30 seconds
[2025-02-21T00:28:54.677+0000] {manager.py:485} INFO - Checking for new files in /opt/airflow/dags every 300 seconds
[2025-02-21T00:28:54.677+0000] {manager.py:821} INFO - Searching for files in /opt/airflow/dags
[2025-02-21T00:28:54.681+0000] {manager.py:824} INFO - There are 1 files in /opt/airflow/dags
[2025-02-21T00:28:54.715+0000] {manager.py:997} INFO - 
================================================================================
DAG File Processing Stats

File Path                          PID  Runtime      # DAGs    # Errors  Last Runtime    Last Run      Last # of DB Queries
-------------------------------  -----  ---------  --------  ----------  --------------  ----------  ----------------------
/opt/airflow/dags/reddit_dag.py     36  0.01s             0           0                                                   0
================================================================================
[2025-02-21T00:29:24.970+0000] {manager.py:997} INFO - 
================================================================================
DAG File Processing Stats

File Path                        PID    Runtime      # DAGs    # Errors  Last Runtime    Last Run               Last # of DB Queries
-------------------------------  -----  ---------  --------  ----------  --------------  -------------------  ----------------------
/opt/airflow/dags/reddit_dag.py                           1           0  0.28s           2025-02-21T00:28:54                      45
================================================================================
[2025-02-21T00:29:55.580+0000] {manager.py:997} INFO - 
================================================================================
DAG File Processing Stats

File Path                        PID    Runtime      # DAGs    # Errors  Last Runtime    Last Run               Last # of DB Queries
-------------------------------  -----  ---------  --------  ----------  --------------  -------------------  ----------------------
/opt/airflow/dags/reddit_dag.py                           1           0  0.31s           2025-02-21T00:29:25                      12
================================================================================
[2025-02-21T00:30:26.261+0000] {manager.py:997} INFO - 
================================================================================
DAG File Processing Stats

File Path                          PID  Runtime      # DAGs    # Errors  Last Runtime    Last Run               Last # of DB Queries
-------------------------------  -----  ---------  --------  ----------  --------------  -------------------  ----------------------
/opt/airflow/dags/reddit_dag.py     42  0.01s             1           0  0.19s           2025-02-21T00:29:56                      12
================================================================================
[2025-02-21T00:30:56.690+0000] {manager.py:997} INFO - 
================================================================================
DAG File Processing Stats

File Path                          PID  Runtime      # DAGs    # Errors  Last Runtime    Last Run               Last # of DB Queries
-------------------------------  -----  ---------  --------  ----------  --------------  -------------------  ----------------------
/opt/airflow/dags/reddit_dag.py     44  0.00s             1           0  0.25s           2025-02-21T00:30:26                      12
================================================================================
[2025-02-21T00:31:27.088+0000] {manager.py:997} INFO - 
================================================================================
DAG File Processing Stats

File Path                          PID  Runtime      # DAGs    # Errors  Last Runtime    Last Run               Last # of DB Queries
-------------------------------  -----  ---------  --------  ----------  --------------  -------------------  ----------------------
/opt/airflow/dags/reddit_dag.py     50  0.01s             1           0  0.19s           2025-02-21T00:30:56                      12
================================================================================
[2025-02-21T00:31:57.445+0000] {manager.py:997} INFO - 
================================================================================
DAG File Processing Stats

File Path                          PID  Runtime      # DAGs    # Errors  Last Runtime    Last Run               Last # of DB Queries
-------------------------------  -----  ---------  --------  ----------  --------------  -------------------  ----------------------
/opt/airflow/dags/reddit_dag.py     52  0.01s             1           0  0.27s           2025-02-21T00:31:27                      12
================================================================================
[2025-02-21T00:32:27.784+0000] {manager.py:997} INFO - 
================================================================================
DAG File Processing Stats

File Path                          PID  Runtime      # DAGs    # Errors  Last Runtime    Last Run               Last # of DB Queries
-------------------------------  -----  ---------  --------  ----------  --------------  -------------------  ----------------------
/opt/airflow/dags/reddit_dag.py     54  0.01s             1           0  0.20s           2025-02-21T00:31:57                      12
================================================================================
[2025-02-21T00:32:58.311+0000] {manager.py:997} INFO - 
================================================================================
DAG File Processing Stats

File Path                          PID  Runtime      # DAGs    # Errors  Last Runtime    Last Run               Last # of DB Queries
-------------------------------  -----  ---------  --------  ----------  --------------  -------------------  ----------------------
/opt/airflow/dags/reddit_dag.py     56  0.00s             1           0  0.28s           2025-02-21T00:32:28                      12
================================================================================
[2025-02-21T00:33:28.793+0000] {manager.py:997} INFO - 
================================================================================
DAG File Processing Stats

File Path                        PID    Runtime      # DAGs    # Errors  Last Runtime    Last Run               Last # of DB Queries
-------------------------------  -----  ---------  --------  ----------  --------------  -------------------  ----------------------
/opt/airflow/dags/reddit_dag.py                           1           0  0.29s           2025-02-21T00:33:09                      34
================================================================================
[2025-02-21T00:33:55.327+0000] {manager.py:821} INFO - Searching for files in /opt/airflow/dags
[2025-02-21T00:33:55.335+0000] {manager.py:824} INFO - There are 1 files in /opt/airflow/dags
[2025-02-21T00:33:59.377+0000] {manager.py:997} INFO - 
================================================================================
DAG File Processing Stats

File Path                        PID    Runtime      # DAGs    # Errors  Last Runtime    Last Run               Last # of DB Queries
-------------------------------  -----  ---------  --------  ----------  --------------  -------------------  ----------------------
/opt/airflow/dags/reddit_dag.py                           1           0  0.21s           2025-02-21T00:33:46                      34
================================================================================
[2025-02-21T00:34:29.871+0000] {manager.py:997} INFO - 
================================================================================
DAG File Processing Stats

File Path                        PID    Runtime      # DAGs    # Errors  Last Runtime    Last Run               Last # of DB Queries
-------------------------------  -----  ---------  --------  ----------  --------------  -------------------  ----------------------
/opt/airflow/dags/reddit_dag.py                           1           0  0.24s           2025-02-21T00:34:16                      12
================================================================================
[2025-02-21T00:35:00.231+0000] {manager.py:997} INFO - 
================================================================================
DAG File Processing Stats

File Path                        PID    Runtime      # DAGs    # Errors  Last Runtime    Last Run               Last # of DB Queries
-------------------------------  -----  ---------  --------  ----------  --------------  -------------------  ----------------------
/opt/airflow/dags/reddit_dag.py                           1           0  0.20s           2025-02-21T00:34:47                      12
================================================================================
[2025-02-21T00:35:30.657+0000] {manager.py:997} INFO - 
================================================================================
DAG File Processing Stats

File Path                        PID    Runtime      # DAGs    # Errors  Last Runtime    Last Run               Last # of DB Queries
-------------------------------  -----  ---------  --------  ----------  --------------  -------------------  ----------------------
/opt/airflow/dags/reddit_dag.py                           1           0  0.28s           2025-02-21T00:35:12                      34
================================================================================
[2025-02-21T00:36:01.123+0000] {manager.py:997} INFO - 
================================================================================
DAG File Processing Stats

File Path                        PID    Runtime      # DAGs    # Errors  Last Runtime    Last Run               Last # of DB Queries
-------------------------------  -----  ---------  --------  ----------  --------------  -------------------  ----------------------
/opt/airflow/dags/reddit_dag.py                           1           0  0.22s           2025-02-21T00:35:42                      12
================================================================================
[2025-02-21T00:36:31.519+0000] {manager.py:997} INFO - 
================================================================================
DAG File Processing Stats

File Path                        PID    Runtime      # DAGs    # Errors  Last Runtime    Last Run               Last # of DB Queries
-------------------------------  -----  ---------  --------  ----------  --------------  -------------------  ----------------------
/opt/airflow/dags/reddit_dag.py                           1           0  0.28s           2025-02-21T00:36:13                      12
================================================================================
[2025-02-21T00:37:01.840+0000] {manager.py:997} INFO - 
================================================================================
DAG File Processing Stats

File Path                        PID    Runtime      # DAGs    # Errors  Last Runtime    Last Run               Last # of DB Queries
-------------------------------  -----  ---------  --------  ----------  --------------  -------------------  ----------------------
/opt/airflow/dags/reddit_dag.py                           1           0  0.17s           2025-02-21T00:36:43                      12
================================================================================
[2025-02-21T00:37:32.341+0000] {manager.py:997} INFO - 
================================================================================
DAG File Processing Stats

File Path                        PID    Runtime      # DAGs    # Errors  Last Runtime    Last Run               Last # of DB Queries
-------------------------------  -----  ---------  --------  ----------  --------------  -------------------  ----------------------
/opt/airflow/dags/reddit_dag.py                           1           0  0.29s           2025-02-21T00:37:14                      12
================================================================================
[2025-02-21T00:38:02.780+0000] {manager.py:997} INFO - 
================================================================================
DAG File Processing Stats

File Path                        PID    Runtime      # DAGs    # Errors  Last Runtime    Last Run               Last # of DB Queries
-------------------------------  -----  ---------  --------  ----------  --------------  -------------------  ----------------------
/opt/airflow/dags/reddit_dag.py                           1           0  0.19s           2025-02-21T00:37:44                      12
================================================================================
[2025-02-21T00:38:33.121+0000] {manager.py:997} INFO - 
================================================================================
DAG File Processing Stats

File Path                        PID    Runtime      # DAGs    # Errors  Last Runtime    Last Run               Last # of DB Queries
-------------------------------  -----  ---------  --------  ----------  --------------  -------------------  ----------------------
/opt/airflow/dags/reddit_dag.py                           1           0  0.24s           2025-02-21T00:38:15                      12
================================================================================
[2025-02-21T00:38:55.493+0000] {manager.py:821} INFO - Searching for files in /opt/airflow/dags
[2025-02-21T00:38:55.505+0000] {manager.py:824} INFO - There are 1 files in /opt/airflow/dags
[2025-02-21T00:39:03.431+0000] {manager.py:997} INFO - 
================================================================================
DAG File Processing Stats

File Path                        PID    Runtime      # DAGs    # Errors  Last Runtime    Last Run               Last # of DB Queries
-------------------------------  -----  ---------  --------  ----------  --------------  -------------------  ----------------------
/opt/airflow/dags/reddit_dag.py                           1           0  0.18s           2025-02-21T00:38:45                      12
================================================================================
[2025-02-21T00:39:33.962+0000] {manager.py:997} INFO - 
================================================================================
DAG File Processing Stats

File Path                        PID    Runtime      # DAGs    # Errors  Last Runtime    Last Run               Last # of DB Queries
-------------------------------  -----  ---------  --------  ----------  --------------  -------------------  ----------------------
/opt/airflow/dags/reddit_dag.py                           1           0  0.24s           2025-02-21T00:39:15                      12
================================================================================
[2025-02-21T00:40:04.361+0000] {manager.py:997} INFO - 
================================================================================
DAG File Processing Stats

File Path                        PID    Runtime      # DAGs    # Errors  Last Runtime    Last Run               Last # of DB Queries
-------------------------------  -----  ---------  --------  ----------  --------------  -------------------  ----------------------
/opt/airflow/dags/reddit_dag.py                           1           0  0.34s           2025-02-21T00:39:46                      12
================================================================================
[2025-02-21T00:40:34.873+0000] {manager.py:997} INFO - 
================================================================================
DAG File Processing Stats

File Path                        PID    Runtime      # DAGs    # Errors  Last Runtime    Last Run               Last # of DB Queries
-------------------------------  -----  ---------  --------  ----------  --------------  -------------------  ----------------------
/opt/airflow/dags/reddit_dag.py                           1           0  0.25s           2025-02-21T00:40:16                      12
================================================================================
[2025-02-21T00:41:05.247+0000] {manager.py:997} INFO - 
================================================================================
DAG File Processing Stats

File Path                        PID    Runtime      # DAGs    # Errors  Last Runtime    Last Run               Last # of DB Queries
-------------------------------  -----  ---------  --------  ----------  --------------  -------------------  ----------------------
/opt/airflow/dags/reddit_dag.py                           1           0  0.22s           2025-02-21T00:40:47                      12
================================================================================
[2025-02-21T00:41:35.786+0000] {manager.py:997} INFO - 
================================================================================
DAG File Processing Stats

File Path                        PID    Runtime      # DAGs    # Errors  Last Runtime    Last Run               Last # of DB Queries
-------------------------------  -----  ---------  --------  ----------  --------------  -------------------  ----------------------
/opt/airflow/dags/reddit_dag.py                           1           0  0.24s           2025-02-21T00:41:17                      12
================================================================================
[2025-02-21T00:42:06.139+0000] {manager.py:997} INFO - 
================================================================================
DAG File Processing Stats

File Path                        PID    Runtime      # DAGs    # Errors  Last Runtime    Last Run               Last # of DB Queries
-------------------------------  -----  ---------  --------  ----------  --------------  -------------------  ----------------------
/opt/airflow/dags/reddit_dag.py                           1           0  0.16s           2025-02-21T00:41:48                      12
================================================================================
[2025-02-21T00:42:36.614+0000] {manager.py:997} INFO - 
================================================================================
DAG File Processing Stats

File Path                        PID    Runtime      # DAGs    # Errors  Last Runtime    Last Run               Last # of DB Queries
-------------------------------  -----  ---------  --------  ----------  --------------  -------------------  ----------------------
/opt/airflow/dags/reddit_dag.py                           1           0  0.18s           2025-02-21T00:42:18                      12
================================================================================
[2025-02-21T00:43:07.021+0000] {manager.py:997} INFO - 
================================================================================
DAG File Processing Stats

File Path                        PID    Runtime      # DAGs    # Errors  Last Runtime    Last Run               Last # of DB Queries
-------------------------------  -----  ---------  --------  ----------  --------------  -------------------  ----------------------
/opt/airflow/dags/reddit_dag.py                           1           0  0.17s           2025-02-21T00:42:48                      12
================================================================================
[2025-02-21T00:43:37.510+0000] {manager.py:997} INFO - 
================================================================================
DAG File Processing Stats

File Path                        PID    Runtime      # DAGs    # Errors  Last Runtime    Last Run               Last # of DB Queries
-------------------------------  -----  ---------  --------  ----------  --------------  -------------------  ----------------------
/opt/airflow/dags/reddit_dag.py                           1           0  0.21s           2025-02-21T00:43:19                      12
================================================================================
[2025-02-21T00:43:55.750+0000] {manager.py:821} INFO - Searching for files in /opt/airflow/dags
[2025-02-21T00:43:55.757+0000] {manager.py:824} INFO - There are 1 files in /opt/airflow/dags
[2025-02-21T00:44:07.919+0000] {manager.py:997} INFO - 
================================================================================
DAG File Processing Stats

File Path                        PID    Runtime      # DAGs    # Errors  Last Runtime    Last Run               Last # of DB Queries
-------------------------------  -----  ---------  --------  ----------  --------------  -------------------  ----------------------
/opt/airflow/dags/reddit_dag.py                           1           0  0.17s           2025-02-21T00:43:49                      12
================================================================================
[2025-02-21T00:44:38.376+0000] {manager.py:997} INFO - 
================================================================================
DAG File Processing Stats

File Path                        PID    Runtime      # DAGs    # Errors  Last Runtime    Last Run               Last # of DB Queries
-------------------------------  -----  ---------  --------  ----------  --------------  -------------------  ----------------------
/opt/airflow/dags/reddit_dag.py                           1           0  0.18s           2025-02-21T00:44:20                      12
================================================================================
[2025-02-21T00:45:08.806+0000] {manager.py:997} INFO - 
================================================================================
DAG File Processing Stats

File Path                        PID    Runtime      # DAGs    # Errors  Last Runtime    Last Run               Last # of DB Queries
-------------------------------  -----  ---------  --------  ----------  --------------  -------------------  ----------------------
/opt/airflow/dags/reddit_dag.py                           1           0  0.22s           2025-02-21T00:44:50                      12
================================================================================
[2025-02-21T00:45:39.259+0000] {manager.py:997} INFO - 
================================================================================
DAG File Processing Stats

File Path                        PID    Runtime      # DAGs    # Errors  Last Runtime    Last Run               Last # of DB Queries
-------------------------------  -----  ---------  --------  ----------  --------------  -------------------  ----------------------
/opt/airflow/dags/reddit_dag.py                           1           0  0.18s           2025-02-21T00:45:21                      12
================================================================================
[2025-02-21T00:46:09.711+0000] {manager.py:997} INFO - 
================================================================================
DAG File Processing Stats

File Path                        PID    Runtime      # DAGs    # Errors  Last Runtime    Last Run               Last # of DB Queries
-------------------------------  -----  ---------  --------  ----------  --------------  -------------------  ----------------------
/opt/airflow/dags/reddit_dag.py                           1           0  0.21s           2025-02-21T00:45:51                      12
================================================================================
[2025-02-21T00:46:40.265+0000] {manager.py:997} INFO - 
================================================================================
DAG File Processing Stats

File Path                        PID    Runtime      # DAGs    # Errors  Last Runtime    Last Run               Last # of DB Queries
-------------------------------  -----  ---------  --------  ----------  --------------  -------------------  ----------------------
/opt/airflow/dags/reddit_dag.py                           1           0  0.18s           2025-02-21T00:46:22                      12
================================================================================
[2025-02-21T00:47:10.770+0000] {manager.py:997} INFO - 
================================================================================
DAG File Processing Stats

File Path                        PID    Runtime      # DAGs    # Errors  Last Runtime    Last Run               Last # of DB Queries
-------------------------------  -----  ---------  --------  ----------  --------------  -------------------  ----------------------
/opt/airflow/dags/reddit_dag.py                           1           0  0.20s           2025-02-21T00:46:52                      12
================================================================================
[2025-02-21T00:47:41.287+0000] {manager.py:997} INFO - 
================================================================================
DAG File Processing Stats

File Path                        PID    Runtime      # DAGs    # Errors  Last Runtime    Last Run               Last # of DB Queries
-------------------------------  -----  ---------  --------  ----------  --------------  -------------------  ----------------------
/opt/airflow/dags/reddit_dag.py                           1           0  0.21s           2025-02-21T00:47:23                      12
================================================================================
[2025-02-21T00:48:11.692+0000] {manager.py:997} INFO - 
================================================================================
DAG File Processing Stats

File Path                        PID    Runtime      # DAGs    # Errors  Last Runtime    Last Run               Last # of DB Queries
-------------------------------  -----  ---------  --------  ----------  --------------  -------------------  ----------------------
/opt/airflow/dags/reddit_dag.py                           1           0  0.19s           2025-02-21T00:47:53                      12
================================================================================
[2025-02-21T00:48:42.041+0000] {manager.py:997} INFO - 
================================================================================
DAG File Processing Stats

File Path                        PID    Runtime      # DAGs    # Errors  Last Runtime    Last Run               Last # of DB Queries
-------------------------------  -----  ---------  --------  ----------  --------------  -------------------  ----------------------
/opt/airflow/dags/reddit_dag.py                           1           0  0.18s           2025-02-21T00:48:23                      12
================================================================================
[2025-02-21T00:48:56.415+0000] {manager.py:821} INFO - Searching for files in /opt/airflow/dags
[2025-02-21T00:48:56.425+0000] {manager.py:824} INFO - There are 1 files in /opt/airflow/dags
[2025-02-21T00:49:12.695+0000] {manager.py:997} INFO - 
================================================================================
DAG File Processing Stats

File Path                        PID    Runtime      # DAGs    # Errors  Last Runtime    Last Run               Last # of DB Queries
-------------------------------  -----  ---------  --------  ----------  --------------  -------------------  ----------------------
/opt/airflow/dags/reddit_dag.py                           1           0  0.24s           2025-02-21T00:48:54                      12
================================================================================
[2025-02-21T00:49:43.168+0000] {manager.py:997} INFO - 
================================================================================
DAG File Processing Stats

File Path                        PID    Runtime      # DAGs    # Errors  Last Runtime    Last Run               Last # of DB Queries
-------------------------------  -----  ---------  --------  ----------  --------------  -------------------  ----------------------
/opt/airflow/dags/reddit_dag.py                           1           0  0.19s           2025-02-21T00:49:25                      12
================================================================================
[2025-02-21T00:50:13.680+0000] {manager.py:997} INFO - 
================================================================================
DAG File Processing Stats

File Path                        PID    Runtime      # DAGs    # Errors  Last Runtime    Last Run               Last # of DB Queries
-------------------------------  -----  ---------  --------  ----------  --------------  -------------------  ----------------------
/opt/airflow/dags/reddit_dag.py                           1           0  0.20s           2025-02-21T00:49:55                      12
================================================================================
[2025-02-21T00:50:44.071+0000] {manager.py:997} INFO - 
================================================================================
DAG File Processing Stats

File Path                        PID    Runtime      # DAGs    # Errors  Last Runtime    Last Run               Last # of DB Queries
-------------------------------  -----  ---------  --------  ----------  --------------  -------------------  ----------------------
/opt/airflow/dags/reddit_dag.py                           1           0  0.23s           2025-02-21T00:50:26                      12
================================================================================
[2025-02-21T01:06:29.745+0000] {manager.py:821} INFO - Searching for files in /opt/airflow/dags
[2025-02-21T01:06:29.751+0000] {manager.py:824} INFO - There are 1 files in /opt/airflow/dags
[2025-02-21T01:06:31.788+0000] {manager.py:997} INFO - 
================================================================================
DAG File Processing Stats

File Path                        PID    Runtime      # DAGs    # Errors  Last Runtime    Last Run               Last # of DB Queries
-------------------------------  -----  ---------  --------  ----------  --------------  -------------------  ----------------------
/opt/airflow/dags/reddit_dag.py                           1           0  0.24s           2025-02-21T01:06:29                      12
================================================================================
[2025-02-21T01:31:36.434+0000] {manager.py:821} INFO - Searching for files in /opt/airflow/dags
[2025-02-21T01:31:36.446+0000] {manager.py:824} INFO - There are 1 files in /opt/airflow/dags
[2025-02-21T01:31:37.727+0000] {manager.py:997} INFO - 
================================================================================
DAG File Processing Stats

File Path                        PID    Runtime      # DAGs    # Errors  Last Runtime    Last Run               Last # of DB Queries
-------------------------------  -----  ---------  --------  ----------  --------------  -------------------  ----------------------
/opt/airflow/dags/reddit_dag.py                           1           0  0.25s           2025-02-21T01:31:36                      12
================================================================================
[2025-02-21T01:32:07.814+0000] {manager.py:997} INFO - 
================================================================================
DAG File Processing Stats

File Path                        PID    Runtime      # DAGs    # Errors  Last Runtime    Last Run               Last # of DB Queries
-------------------------------  -----  ---------  --------  ----------  --------------  -------------------  ----------------------
/opt/airflow/dags/reddit_dag.py                           1           0  0.18s           2025-02-21T01:32:06                      12
================================================================================
[2025-02-21T01:32:38.309+0000] {manager.py:997} INFO - 
================================================================================
DAG File Processing Stats

File Path                        PID    Runtime      # DAGs    # Errors  Last Runtime    Last Run               Last # of DB Queries
-------------------------------  -----  ---------  --------  ----------  --------------  -------------------  ----------------------
/opt/airflow/dags/reddit_dag.py                           1           0  0.19s           2025-02-21T01:32:37                      12
================================================================================
[2025-02-21T01:33:08.704+0000] {manager.py:997} INFO - 
================================================================================
DAG File Processing Stats

File Path                        PID    Runtime      # DAGs    # Errors  Last Runtime    Last Run               Last # of DB Queries
-------------------------------  -----  ---------  --------  ----------  --------------  -------------------  ----------------------
/opt/airflow/dags/reddit_dag.py                           1           0  0.19s           2025-02-21T01:33:07                      12
================================================================================
[2025-02-21T01:33:39.178+0000] {manager.py:997} INFO - 
================================================================================
DAG File Processing Stats

File Path                        PID    Runtime      # DAGs    # Errors  Last Runtime    Last Run               Last # of DB Queries
-------------------------------  -----  ---------  --------  ----------  --------------  -------------------  ----------------------
/opt/airflow/dags/reddit_dag.py                           1           0  0.18s           2025-02-21T01:33:38                      12
================================================================================
[2025-02-21T01:34:09.579+0000] {manager.py:997} INFO - 
================================================================================
DAG File Processing Stats

File Path                        PID    Runtime      # DAGs    # Errors  Last Runtime    Last Run               Last # of DB Queries
-------------------------------  -----  ---------  --------  ----------  --------------  -------------------  ----------------------
/opt/airflow/dags/reddit_dag.py                           1           0  0.19s           2025-02-21T01:34:08                      12
================================================================================
[2025-02-21T01:34:40.027+0000] {manager.py:997} INFO - 
================================================================================
DAG File Processing Stats

File Path                        PID    Runtime      # DAGs    # Errors  Last Runtime    Last Run               Last # of DB Queries
-------------------------------  -----  ---------  --------  ----------  --------------  -------------------  ----------------------
/opt/airflow/dags/reddit_dag.py                           1           0  0.17s           2025-02-21T01:34:39                      12
================================================================================
[2025-02-21T01:35:10.397+0000] {manager.py:997} INFO - 
================================================================================
DAG File Processing Stats

File Path                        PID    Runtime      # DAGs    # Errors  Last Runtime    Last Run               Last # of DB Queries
-------------------------------  -----  ---------  --------  ----------  --------------  -------------------  ----------------------
/opt/airflow/dags/reddit_dag.py                           1           0  0.17s           2025-02-21T01:35:09                      12
================================================================================
[2025-02-21T01:35:40.857+0000] {manager.py:997} INFO - 
================================================================================
DAG File Processing Stats

File Path                        PID    Runtime      # DAGs    # Errors  Last Runtime    Last Run               Last # of DB Queries
-------------------------------  -----  ---------  --------  ----------  --------------  -------------------  ----------------------
/opt/airflow/dags/reddit_dag.py                           1           0  0.22s           2025-02-21T01:35:39                      12
================================================================================
[2025-02-21T01:36:11.270+0000] {manager.py:997} INFO - 
================================================================================
DAG File Processing Stats

File Path                        PID    Runtime      # DAGs    # Errors  Last Runtime    Last Run               Last # of DB Queries
-------------------------------  -----  ---------  --------  ----------  --------------  -------------------  ----------------------
/opt/airflow/dags/reddit_dag.py                           1           0  0.20s           2025-02-21T01:36:10                      12
================================================================================
[2025-02-21T01:36:36.560+0000] {manager.py:821} INFO - Searching for files in /opt/airflow/dags
[2025-02-21T01:36:36.565+0000] {manager.py:824} INFO - There are 1 files in /opt/airflow/dags
[2025-02-21T01:36:41.783+0000] {manager.py:997} INFO - 
================================================================================
DAG File Processing Stats

File Path                        PID    Runtime      # DAGs    # Errors  Last Runtime    Last Run               Last # of DB Queries
-------------------------------  -----  ---------  --------  ----------  --------------  -------------------  ----------------------
/opt/airflow/dags/reddit_dag.py                           1           0  0.18s           2025-02-21T01:36:40                      12
================================================================================
[2025-02-21T01:37:12.166+0000] {manager.py:997} INFO - 
================================================================================
DAG File Processing Stats

File Path                        PID    Runtime      # DAGs    # Errors  Last Runtime    Last Run               Last # of DB Queries
-------------------------------  -----  ---------  --------  ----------  --------------  -------------------  ----------------------
/opt/airflow/dags/reddit_dag.py                           1           0  0.18s           2025-02-21T01:37:11                      12
================================================================================
[2025-02-21T01:37:42.597+0000] {manager.py:997} INFO - 
================================================================================
DAG File Processing Stats

File Path                        PID    Runtime      # DAGs    # Errors  Last Runtime    Last Run               Last # of DB Queries
-------------------------------  -----  ---------  --------  ----------  --------------  -------------------  ----------------------
/opt/airflow/dags/reddit_dag.py                           1           0  0.23s           2025-02-21T01:37:41                      12
================================================================================
[2025-02-21T01:38:13.037+0000] {manager.py:997} INFO - 
================================================================================
DAG File Processing Stats

File Path                        PID    Runtime      # DAGs    # Errors  Last Runtime    Last Run               Last # of DB Queries
-------------------------------  -----  ---------  --------  ----------  --------------  -------------------  ----------------------
/opt/airflow/dags/reddit_dag.py                           1           0  0.21s           2025-02-21T01:38:12                      12
================================================================================
[2025-02-21T01:38:43.407+0000] {manager.py:997} INFO - 
================================================================================
DAG File Processing Stats

File Path                        PID    Runtime      # DAGs    # Errors  Last Runtime    Last Run               Last # of DB Queries
-------------------------------  -----  ---------  --------  ----------  --------------  -------------------  ----------------------
/opt/airflow/dags/reddit_dag.py                           1           0  0.17s           2025-02-21T01:38:42                      12
================================================================================
[2025-02-21T01:39:13.876+0000] {manager.py:997} INFO - 
================================================================================
DAG File Processing Stats

File Path                        PID    Runtime      # DAGs    # Errors  Last Runtime    Last Run               Last # of DB Queries
-------------------------------  -----  ---------  --------  ----------  --------------  -------------------  ----------------------
/opt/airflow/dags/reddit_dag.py                           1           0  0.17s           2025-02-21T01:39:12                      12
================================================================================
[2025-02-21T01:39:44.269+0000] {manager.py:997} INFO - 
================================================================================
DAG File Processing Stats

File Path                        PID    Runtime      # DAGs    # Errors  Last Runtime    Last Run               Last # of DB Queries
-------------------------------  -----  ---------  --------  ----------  --------------  -------------------  ----------------------
/opt/airflow/dags/reddit_dag.py                           1           0  0.23s           2025-02-21T01:39:43                      12
================================================================================
[2025-02-21T01:40:14.609+0000] {manager.py:997} INFO - 
================================================================================
DAG File Processing Stats

File Path                        PID    Runtime      # DAGs    # Errors  Last Runtime    Last Run               Last # of DB Queries
-------------------------------  -----  ---------  --------  ----------  --------------  -------------------  ----------------------
/opt/airflow/dags/reddit_dag.py                           1           0  0.18s           2025-02-21T01:40:13                      12
================================================================================
[2025-02-21T01:40:45.101+0000] {manager.py:997} INFO - 
================================================================================
DAG File Processing Stats

File Path                        PID    Runtime      # DAGs    # Errors  Last Runtime    Last Run               Last # of DB Queries
-------------------------------  -----  ---------  --------  ----------  --------------  -------------------  ----------------------
/opt/airflow/dags/reddit_dag.py                           1           0  0.17s           2025-02-21T01:40:44                      12
================================================================================
[2025-02-21T01:41:15.462+0000] {manager.py:997} INFO - 
================================================================================
DAG File Processing Stats

File Path                        PID    Runtime      # DAGs    # Errors  Last Runtime    Last Run               Last # of DB Queries
-------------------------------  -----  ---------  --------  ----------  --------------  -------------------  ----------------------
/opt/airflow/dags/reddit_dag.py                           1           0  0.18s           2025-02-21T01:41:14                      12
================================================================================
[2025-02-21T01:41:36.682+0000] {manager.py:821} INFO - Searching for files in /opt/airflow/dags
[2025-02-21T01:41:36.687+0000] {manager.py:824} INFO - There are 1 files in /opt/airflow/dags
[2025-02-21T01:41:45.931+0000] {manager.py:997} INFO - 
================================================================================
DAG File Processing Stats

File Path                        PID    Runtime      # DAGs    # Errors  Last Runtime    Last Run               Last # of DB Queries
-------------------------------  -----  ---------  --------  ----------  --------------  -------------------  ----------------------
/opt/airflow/dags/reddit_dag.py                           1           0  0.23s           2025-02-21T01:41:45                      12
================================================================================
[2025-02-21T01:42:16.326+0000] {manager.py:997} INFO - 
================================================================================
DAG File Processing Stats

File Path                        PID    Runtime      # DAGs    # Errors  Last Runtime    Last Run               Last # of DB Queries
-------------------------------  -----  ---------  --------  ----------  --------------  -------------------  ----------------------
/opt/airflow/dags/reddit_dag.py                           1           0  0.18s           2025-02-21T01:42:15                      12
================================================================================
[2025-02-21T01:42:46.819+0000] {manager.py:997} INFO - 
================================================================================
DAG File Processing Stats

File Path                        PID    Runtime      # DAGs    # Errors  Last Runtime    Last Run               Last # of DB Queries
-------------------------------  -----  ---------  --------  ----------  --------------  -------------------  ----------------------
/opt/airflow/dags/reddit_dag.py                           1           0  0.33s           2025-02-21T01:42:46                      12
================================================================================
[2025-02-21T01:43:17.328+0000] {manager.py:997} INFO - 
================================================================================
DAG File Processing Stats

File Path                        PID    Runtime      # DAGs    # Errors  Last Runtime    Last Run               Last # of DB Queries
-------------------------------  -----  ---------  --------  ----------  --------------  -------------------  ----------------------
/opt/airflow/dags/reddit_dag.py                           1           0  0.18s           2025-02-21T01:43:16                      12
================================================================================
[2025-02-21T01:43:47.696+0000] {manager.py:997} INFO - 
================================================================================
DAG File Processing Stats

File Path                        PID    Runtime      # DAGs    # Errors  Last Runtime    Last Run               Last # of DB Queries
-------------------------------  -----  ---------  --------  ----------  --------------  -------------------  ----------------------
/opt/airflow/dags/reddit_dag.py                           1           0  0.18s           2025-02-21T01:43:46                      12
================================================================================
[2025-02-21T01:44:18.135+0000] {manager.py:997} INFO - 
================================================================================
DAG File Processing Stats

File Path                        PID    Runtime      # DAGs    # Errors  Last Runtime    Last Run               Last # of DB Queries
-------------------------------  -----  ---------  --------  ----------  --------------  -------------------  ----------------------
/opt/airflow/dags/reddit_dag.py                           1           0  0.26s           2025-02-21T01:44:17                      12
================================================================================
[2025-02-21T01:44:48.617+0000] {manager.py:997} INFO - 
================================================================================
DAG File Processing Stats

File Path                        PID    Runtime      # DAGs    # Errors  Last Runtime    Last Run               Last # of DB Queries
-------------------------------  -----  ---------  --------  ----------  --------------  -------------------  ----------------------
/opt/airflow/dags/reddit_dag.py                           1           0  0.17s           2025-02-21T01:44:47                      12
================================================================================
[2025-02-21T01:45:18.994+0000] {manager.py:997} INFO - 
================================================================================
DAG File Processing Stats

File Path                        PID    Runtime      # DAGs    # Errors  Last Runtime    Last Run               Last # of DB Queries
-------------------------------  -----  ---------  --------  ----------  --------------  -------------------  ----------------------
/opt/airflow/dags/reddit_dag.py                           1           0  0.17s           2025-02-21T01:45:18                      12
================================================================================
[2025-02-21T01:45:49.481+0000] {manager.py:997} INFO - 
================================================================================
DAG File Processing Stats

File Path                        PID    Runtime      # DAGs    # Errors  Last Runtime    Last Run               Last # of DB Queries
-------------------------------  -----  ---------  --------  ----------  --------------  -------------------  ----------------------
/opt/airflow/dags/reddit_dag.py                           1           0  0.17s           2025-02-21T01:45:48                      12
================================================================================
[2025-02-21T01:46:19.859+0000] {manager.py:997} INFO - 
================================================================================
DAG File Processing Stats

File Path                        PID    Runtime      # DAGs    # Errors  Last Runtime    Last Run               Last # of DB Queries
-------------------------------  -----  ---------  --------  ----------  --------------  -------------------  ----------------------
/opt/airflow/dags/reddit_dag.py                           1           0  0.17s           2025-02-21T01:46:19                      12
================================================================================
[2025-02-21T01:46:37.076+0000] {manager.py:821} INFO - Searching for files in /opt/airflow/dags
[2025-02-21T01:46:37.087+0000] {manager.py:824} INFO - There are 1 files in /opt/airflow/dags
[2025-02-21T01:46:50.336+0000] {manager.py:997} INFO - 
================================================================================
DAG File Processing Stats

File Path                        PID    Runtime      # DAGs    # Errors  Last Runtime    Last Run               Last # of DB Queries
-------------------------------  -----  ---------  --------  ----------  --------------  -------------------  ----------------------
/opt/airflow/dags/reddit_dag.py                           1           0  0.28s           2025-02-21T01:46:49                      12
================================================================================
[2025-02-21T01:47:20.801+0000] {manager.py:997} INFO - 
================================================================================
DAG File Processing Stats

File Path                        PID    Runtime      # DAGs    # Errors  Last Runtime    Last Run               Last # of DB Queries
-------------------------------  -----  ---------  --------  ----------  --------------  -------------------  ----------------------
/opt/airflow/dags/reddit_dag.py                           1           0  0.17s           2025-02-21T01:47:19                      12
================================================================================
[2025-02-21T01:47:51.117+0000] {manager.py:997} INFO - 
================================================================================
DAG File Processing Stats

File Path                        PID    Runtime      # DAGs    # Errors  Last Runtime    Last Run               Last # of DB Queries
-------------------------------  -----  ---------  --------  ----------  --------------  -------------------  ----------------------
/opt/airflow/dags/reddit_dag.py                           1           0  0.18s           2025-02-21T01:47:50                      12
================================================================================
[2025-02-21T01:48:21.603+0000] {manager.py:997} INFO - 
================================================================================
DAG File Processing Stats

File Path                        PID    Runtime      # DAGs    # Errors  Last Runtime    Last Run               Last # of DB Queries
-------------------------------  -----  ---------  --------  ----------  --------------  -------------------  ----------------------
/opt/airflow/dags/reddit_dag.py                           1           0  0.23s           2025-02-21T01:48:20                      12
================================================================================
[2025-02-21T01:48:51.990+0000] {manager.py:997} INFO - 
================================================================================
DAG File Processing Stats

File Path                        PID    Runtime      # DAGs    # Errors  Last Runtime    Last Run               Last # of DB Queries
-------------------------------  -----  ---------  --------  ----------  --------------  -------------------  ----------------------
/opt/airflow/dags/reddit_dag.py                           1           0  0.17s           2025-02-21T01:48:51                      12
================================================================================
[2025-02-21T01:49:22.444+0000] {manager.py:997} INFO - 
================================================================================
DAG File Processing Stats

File Path                        PID    Runtime      # DAGs    # Errors  Last Runtime    Last Run               Last # of DB Queries
-------------------------------  -----  ---------  --------  ----------  --------------  -------------------  ----------------------
/opt/airflow/dags/reddit_dag.py                           1           0  0.19s           2025-02-21T01:49:21                      12
================================================================================
[2025-02-21T01:49:52.793+0000] {manager.py:997} INFO - 
================================================================================
DAG File Processing Stats

File Path                        PID    Runtime      # DAGs    # Errors  Last Runtime    Last Run               Last # of DB Queries
-------------------------------  -----  ---------  --------  ----------  --------------  -------------------  ----------------------
/opt/airflow/dags/reddit_dag.py                           1           0  0.23s           2025-02-21T01:49:51                      12
================================================================================
[2025-02-21T01:50:23.322+0000] {manager.py:997} INFO - 
================================================================================
DAG File Processing Stats

File Path                        PID    Runtime      # DAGs    # Errors  Last Runtime    Last Run               Last # of DB Queries
-------------------------------  -----  ---------  --------  ----------  --------------  -------------------  ----------------------
/opt/airflow/dags/reddit_dag.py                           1           0  0.18s           2025-02-21T01:50:22                      12
================================================================================
[2025-02-21T01:50:53.694+0000] {manager.py:997} INFO - 
================================================================================
DAG File Processing Stats

File Path                        PID    Runtime      # DAGs    # Errors  Last Runtime    Last Run               Last # of DB Queries
-------------------------------  -----  ---------  --------  ----------  --------------  -------------------  ----------------------
/opt/airflow/dags/reddit_dag.py                           1           0  0.18s           2025-02-21T01:50:52                      12
================================================================================
[2025-02-21T01:51:24.081+0000] {manager.py:997} INFO - 
================================================================================
DAG File Processing Stats

File Path                        PID    Runtime      # DAGs    # Errors  Last Runtime    Last Run               Last # of DB Queries
-------------------------------  -----  ---------  --------  ----------  --------------  -------------------  ----------------------
/opt/airflow/dags/reddit_dag.py                           1           0  0.21s           2025-02-21T01:51:23                      12
================================================================================
[2025-02-21T01:51:37.211+0000] {manager.py:821} INFO - Searching for files in /opt/airflow/dags
[2025-02-21T01:51:37.218+0000] {manager.py:824} INFO - There are 1 files in /opt/airflow/dags
[2025-02-21T01:51:54.489+0000] {manager.py:997} INFO - 
================================================================================
DAG File Processing Stats

File Path                        PID    Runtime      # DAGs    # Errors  Last Runtime    Last Run               Last # of DB Queries
-------------------------------  -----  ---------  --------  ----------  --------------  -------------------  ----------------------
/opt/airflow/dags/reddit_dag.py                           1           0  0.23s           2025-02-21T01:51:53                      12
================================================================================
[2025-02-21T01:52:24.941+0000] {manager.py:997} INFO - 
================================================================================
DAG File Processing Stats

File Path                        PID    Runtime      # DAGs    # Errors  Last Runtime    Last Run               Last # of DB Queries
-------------------------------  -----  ---------  --------  ----------  --------------  -------------------  ----------------------
/opt/airflow/dags/reddit_dag.py                           1           0  0.23s           2025-02-21T01:52:24                      12
================================================================================
[2025-02-21T01:52:55.355+0000] {manager.py:997} INFO - 
================================================================================
DAG File Processing Stats

File Path                        PID    Runtime      # DAGs    # Errors  Last Runtime    Last Run               Last # of DB Queries
-------------------------------  -----  ---------  --------  ----------  --------------  -------------------  ----------------------
/opt/airflow/dags/reddit_dag.py                           1           0  0.17s           2025-02-21T01:52:54                      12
================================================================================
[2025-02-21T01:53:25.721+0000] {manager.py:997} INFO - 
================================================================================
DAG File Processing Stats

File Path                        PID    Runtime      # DAGs    # Errors  Last Runtime    Last Run               Last # of DB Queries
-------------------------------  -----  ---------  --------  ----------  --------------  -------------------  ----------------------
/opt/airflow/dags/reddit_dag.py                           1           0  0.17s           2025-02-21T01:53:24                      12
================================================================================
[2025-02-21T01:53:56.203+0000] {manager.py:997} INFO - 
================================================================================
DAG File Processing Stats

File Path                        PID    Runtime      # DAGs    # Errors  Last Runtime    Last Run               Last # of DB Queries
-------------------------------  -----  ---------  --------  ----------  --------------  -------------------  ----------------------
/opt/airflow/dags/reddit_dag.py                           1           0  0.17s           2025-02-21T01:53:55                      12
================================================================================
[2025-02-21T01:54:26.559+0000] {manager.py:997} INFO - 
================================================================================
DAG File Processing Stats

File Path                        PID    Runtime      # DAGs    # Errors  Last Runtime    Last Run               Last # of DB Queries
-------------------------------  -----  ---------  --------  ----------  --------------  -------------------  ----------------------
/opt/airflow/dags/reddit_dag.py                           1           0  0.17s           2025-02-21T01:54:25                      12
================================================================================
[2025-02-21T01:54:57.000+0000] {manager.py:997} INFO - 
================================================================================
DAG File Processing Stats

File Path                        PID    Runtime      # DAGs    # Errors  Last Runtime    Last Run               Last # of DB Queries
-------------------------------  -----  ---------  --------  ----------  --------------  -------------------  ----------------------
/opt/airflow/dags/reddit_dag.py                           1           0  0.20s           2025-02-21T01:54:56                      12
================================================================================
[2025-02-21T01:55:27.414+0000] {manager.py:997} INFO - 
================================================================================
DAG File Processing Stats

File Path                        PID    Runtime      # DAGs    # Errors  Last Runtime    Last Run               Last # of DB Queries
-------------------------------  -----  ---------  --------  ----------  --------------  -------------------  ----------------------
/opt/airflow/dags/reddit_dag.py                           1           0  0.18s           2025-02-21T01:55:26                      12
================================================================================
[2025-02-21T01:55:57.803+0000] {manager.py:997} INFO - 
================================================================================
DAG File Processing Stats

File Path                        PID    Runtime      # DAGs    # Errors  Last Runtime    Last Run               Last # of DB Queries
-------------------------------  -----  ---------  --------  ----------  --------------  -------------------  ----------------------
/opt/airflow/dags/reddit_dag.py                           1           0  0.17s           2025-02-21T01:55:56                      12
================================================================================
[2025-02-21T01:56:28.260+0000] {manager.py:997} INFO - 
================================================================================
DAG File Processing Stats

File Path                        PID    Runtime      # DAGs    # Errors  Last Runtime    Last Run               Last # of DB Queries
-------------------------------  -----  ---------  --------  ----------  --------------  -------------------  ----------------------
/opt/airflow/dags/reddit_dag.py                           0           1  0.15s           2025-02-21T01:56:27                       3
================================================================================
[2025-02-21T01:56:37.363+0000] {manager.py:821} INFO - Searching for files in /opt/airflow/dags
[2025-02-21T01:56:37.372+0000] {manager.py:824} INFO - There are 1 files in /opt/airflow/dags
[2025-02-21T01:56:58.654+0000] {manager.py:997} INFO - 
================================================================================
DAG File Processing Stats

File Path                        PID    Runtime      # DAGs    # Errors  Last Runtime    Last Run               Last # of DB Queries
-------------------------------  -----  ---------  --------  ----------  --------------  -------------------  ----------------------
/opt/airflow/dags/reddit_dag.py                           1           0  0.26s           2025-02-21T01:56:57                      12
================================================================================
[2025-02-21T01:57:29.005+0000] {manager.py:997} INFO - 
================================================================================
DAG File Processing Stats

File Path                        PID    Runtime      # DAGs    # Errors  Last Runtime    Last Run               Last # of DB Queries
-------------------------------  -----  ---------  --------  ----------  --------------  -------------------  ----------------------
/opt/airflow/dags/reddit_dag.py                           1           0  0.18s           2025-02-21T01:57:28                      12
================================================================================
[2025-02-21T01:57:59.469+0000] {manager.py:997} INFO - 
================================================================================
DAG File Processing Stats

File Path                        PID    Runtime      # DAGs    # Errors  Last Runtime    Last Run               Last # of DB Queries
-------------------------------  -----  ---------  --------  ----------  --------------  -------------------  ----------------------
/opt/airflow/dags/reddit_dag.py                           1           0  0.17s           2025-02-21T01:57:58                      12
================================================================================
[2025-02-21T01:58:29.804+0000] {manager.py:997} INFO - 
================================================================================
DAG File Processing Stats

File Path                        PID    Runtime      # DAGs    # Errors  Last Runtime    Last Run               Last # of DB Queries
-------------------------------  -----  ---------  --------  ----------  --------------  -------------------  ----------------------
/opt/airflow/dags/reddit_dag.py                           1           0  0.17s           2025-02-21T01:58:28                      12
================================================================================
[2025-02-21T01:59:00.118+0000] {manager.py:997} INFO - 
================================================================================
DAG File Processing Stats

File Path                        PID    Runtime      # DAGs    # Errors  Last Runtime    Last Run               Last # of DB Queries
-------------------------------  -----  ---------  --------  ----------  --------------  -------------------  ----------------------
/opt/airflow/dags/reddit_dag.py                           1           0  0.15s           2025-02-21T01:58:59                      12
================================================================================
[2025-02-21T01:59:30.556+0000] {manager.py:997} INFO - 
================================================================================
DAG File Processing Stats

File Path                        PID    Runtime      # DAGs    # Errors  Last Runtime    Last Run               Last # of DB Queries
-------------------------------  -----  ---------  --------  ----------  --------------  -------------------  ----------------------
/opt/airflow/dags/reddit_dag.py                           1           0  0.30s           2025-02-21T01:59:29                      12
================================================================================
[2025-02-21T01:59:54.407+0000] {manager.py:465} INFO - Exiting gracefully upon receiving signal 15
[2025-02-21T02:03:42.748+0000] {manager.py:483} INFO - Processing files using up to 2 processes at a time 
[2025-02-21T02:03:42.749+0000] {manager.py:484} INFO - Process each file at most once every 30 seconds
[2025-02-21T02:03:42.749+0000] {manager.py:485} INFO - Checking for new files in /opt/airflow/dags every 300 seconds
[2025-02-21T02:03:42.749+0000] {manager.py:821} INFO - Searching for files in /opt/airflow/dags
[2025-02-21T02:03:42.750+0000] {manager.py:824} INFO - There are 1 files in /opt/airflow/dags
[2025-02-21T02:03:42.774+0000] {manager.py:997} INFO - 
================================================================================
DAG File Processing Stats

File Path                          PID  Runtime      # DAGs    # Errors  Last Runtime    Last Run      Last # of DB Queries
-------------------------------  -----  ---------  --------  ----------  --------------  ----------  ----------------------
/opt/airflow/dags/reddit_dag.py     37  0.01s             0           0                                                   0
================================================================================
[2025-02-21T02:04:13.019+0000] {manager.py:997} INFO - 
================================================================================
DAG File Processing Stats

File Path                        PID    Runtime      # DAGs    # Errors  Last Runtime    Last Run               Last # of DB Queries
-------------------------------  -----  ---------  --------  ----------  --------------  -------------------  ----------------------
/opt/airflow/dags/reddit_dag.py                           1           0  0.31s           2025-02-21T02:03:43                      45
================================================================================
[2025-02-21T02:04:43.724+0000] {manager.py:997} INFO - 
================================================================================
DAG File Processing Stats

File Path                          PID  Runtime      # DAGs    # Errors  Last Runtime    Last Run               Last # of DB Queries
-------------------------------  -----  ---------  --------  ----------  --------------  -------------------  ----------------------
/opt/airflow/dags/reddit_dag.py     45  0.01s             1           0  0.24s           2025-02-21T02:04:13                      12
================================================================================
[2025-02-21T02:05:14.072+0000] {manager.py:997} INFO - 
================================================================================
DAG File Processing Stats

File Path                          PID  Runtime      # DAGs    # Errors  Last Runtime    Last Run               Last # of DB Queries
-------------------------------  -----  ---------  --------  ----------  --------------  -------------------  ----------------------
/opt/airflow/dags/reddit_dag.py     47  0.01s             1           0  0.18s           2025-02-21T02:04:43                      12
================================================================================
[2025-02-21T02:05:44.568+0000] {manager.py:997} INFO - 
================================================================================
DAG File Processing Stats

File Path                          PID  Runtime      # DAGs    # Errors  Last Runtime    Last Run               Last # of DB Queries
-------------------------------  -----  ---------  --------  ----------  --------------  -------------------  ----------------------
/opt/airflow/dags/reddit_dag.py     49  0.01s             1           0  0.16s           2025-02-21T02:05:14                      12
================================================================================
[2025-02-21T02:06:14.946+0000] {manager.py:997} INFO - 
================================================================================
DAG File Processing Stats

File Path                          PID  Runtime      # DAGs    # Errors  Last Runtime    Last Run               Last # of DB Queries
-------------------------------  -----  ---------  --------  ----------  --------------  -------------------  ----------------------
/opt/airflow/dags/reddit_dag.py     51  0.01s             1           0  0.19s           2025-02-21T02:05:44                      12
================================================================================
[2025-02-21T02:06:45.305+0000] {manager.py:997} INFO - 
================================================================================
DAG File Processing Stats

File Path                          PID  Runtime      # DAGs    # Errors  Last Runtime    Last Run               Last # of DB Queries
-------------------------------  -----  ---------  --------  ----------  --------------  -------------------  ----------------------
/opt/airflow/dags/reddit_dag.py     53  0.01s             1           0  0.22s           2025-02-21T02:06:15                      12
================================================================================
[2025-02-21T02:07:15.828+0000] {manager.py:997} INFO - 
================================================================================
DAG File Processing Stats

File Path                          PID  Runtime      # DAGs    # Errors  Last Runtime    Last Run               Last # of DB Queries
-------------------------------  -----  ---------  --------  ----------  --------------  -------------------  ----------------------
/opt/airflow/dags/reddit_dag.py     55  0.01s             1           0  0.18s           2025-02-21T02:06:45                      12
================================================================================
[2025-02-21T02:07:46.220+0000] {manager.py:997} INFO - 
================================================================================
DAG File Processing Stats

File Path                          PID  Runtime      # DAGs    # Errors  Last Runtime    Last Run               Last # of DB Queries
-------------------------------  -----  ---------  --------  ----------  --------------  -------------------  ----------------------
/opt/airflow/dags/reddit_dag.py     57  0.01s             1           0  0.16s           2025-02-21T02:07:15                      12
================================================================================
[2025-02-21T02:08:16.662+0000] {manager.py:997} INFO - 
================================================================================
DAG File Processing Stats

File Path                          PID  Runtime      # DAGs    # Errors  Last Runtime    Last Run               Last # of DB Queries
-------------------------------  -----  ---------  --------  ----------  --------------  -------------------  ----------------------
/opt/airflow/dags/reddit_dag.py     59  0.00s             1           0  0.25s           2025-02-21T02:07:46                      12
================================================================================
[2025-02-21T02:08:43.055+0000] {manager.py:821} INFO - Searching for files in /opt/airflow/dags
[2025-02-21T02:08:43.063+0000] {manager.py:824} INFO - There are 1 files in /opt/airflow/dags
[2025-02-21T02:08:47.140+0000] {manager.py:997} INFO - 
================================================================================
DAG File Processing Stats

File Path                          PID  Runtime      # DAGs    # Errors  Last Runtime    Last Run               Last # of DB Queries
-------------------------------  -----  ---------  --------  ----------  --------------  -------------------  ----------------------
/opt/airflow/dags/reddit_dag.py     61  0.01s             1           0  0.19s           2025-02-21T02:08:16                      12
================================================================================
[2025-02-21T02:09:17.504+0000] {manager.py:997} INFO - 
================================================================================
DAG File Processing Stats

File Path                          PID  Runtime      # DAGs    # Errors  Last Runtime    Last Run               Last # of DB Queries
-------------------------------  -----  ---------  --------  ----------  --------------  -------------------  ----------------------
/opt/airflow/dags/reddit_dag.py     63  0.01s             1           0  0.19s           2025-02-21T02:08:47                      12
================================================================================
[2025-02-21T02:09:47.906+0000] {manager.py:997} INFO - 
================================================================================
DAG File Processing Stats

File Path                          PID  Runtime      # DAGs    # Errors  Last Runtime    Last Run               Last # of DB Queries
-------------------------------  -----  ---------  --------  ----------  --------------  -------------------  ----------------------
/opt/airflow/dags/reddit_dag.py     65  0.01s             1           0  0.19s           2025-02-21T02:09:17                      12
================================================================================
[2025-02-21T02:10:18.251+0000] {manager.py:997} INFO - 
================================================================================
DAG File Processing Stats

File Path                          PID  Runtime      # DAGs    # Errors  Last Runtime    Last Run               Last # of DB Queries
-------------------------------  -----  ---------  --------  ----------  --------------  -------------------  ----------------------
/opt/airflow/dags/reddit_dag.py     67  0.00s             1           0  0.19s           2025-02-21T02:09:48                      12
================================================================================
[2025-02-21T02:10:48.789+0000] {manager.py:997} INFO - 
================================================================================
DAG File Processing Stats

File Path                          PID  Runtime      # DAGs    # Errors  Last Runtime    Last Run               Last # of DB Queries
-------------------------------  -----  ---------  --------  ----------  --------------  -------------------  ----------------------
/opt/airflow/dags/reddit_dag.py     69  0.01s             1           0  0.17s           2025-02-21T02:10:18                      12
================================================================================
[2025-02-21T02:11:19.156+0000] {manager.py:997} INFO - 
================================================================================
DAG File Processing Stats

File Path                          PID  Runtime      # DAGs    # Errors  Last Runtime    Last Run               Last # of DB Queries
-------------------------------  -----  ---------  --------  ----------  --------------  -------------------  ----------------------
/opt/airflow/dags/reddit_dag.py     71  0.01s             1           0  0.20s           2025-02-21T02:10:48                      12
================================================================================
[2025-02-21T02:11:49.647+0000] {manager.py:997} INFO - 
================================================================================
DAG File Processing Stats

File Path                          PID  Runtime      # DAGs    # Errors  Last Runtime    Last Run               Last # of DB Queries
-------------------------------  -----  ---------  --------  ----------  --------------  -------------------  ----------------------
/opt/airflow/dags/reddit_dag.py     73  0.01s             1           0  0.24s           2025-02-21T02:11:19                      12
================================================================================
[2025-02-21T02:12:19.999+0000] {manager.py:997} INFO - 
================================================================================
DAG File Processing Stats

File Path                          PID  Runtime      # DAGs    # Errors  Last Runtime    Last Run               Last # of DB Queries
-------------------------------  -----  ---------  --------  ----------  --------------  -------------------  ----------------------
/opt/airflow/dags/reddit_dag.py     75  0.00s             1           0  0.19s           2025-02-21T02:11:49                      12
================================================================================
[2025-02-21T02:12:50.463+0000] {manager.py:997} INFO - 
================================================================================
DAG File Processing Stats

File Path                          PID  Runtime      # DAGs    # Errors  Last Runtime    Last Run               Last # of DB Queries
-------------------------------  -----  ---------  --------  ----------  --------------  -------------------  ----------------------
/opt/airflow/dags/reddit_dag.py     77  0.01s             1           0  0.19s           2025-02-21T02:12:20                      12
================================================================================
[2025-02-21T02:13:20.829+0000] {manager.py:997} INFO - 
================================================================================
DAG File Processing Stats

File Path                          PID  Runtime      # DAGs    # Errors  Last Runtime    Last Run               Last # of DB Queries
-------------------------------  -----  ---------  --------  ----------  --------------  -------------------  ----------------------
/opt/airflow/dags/reddit_dag.py     79  0.01s             1           0  0.21s           2025-02-21T02:12:50                      12
================================================================================
[2025-02-21T02:13:43.182+0000] {manager.py:821} INFO - Searching for files in /opt/airflow/dags
[2025-02-21T02:13:43.190+0000] {manager.py:824} INFO - There are 1 files in /opt/airflow/dags
[2025-02-21T02:13:51.304+0000] {manager.py:997} INFO - 
================================================================================
DAG File Processing Stats

File Path                          PID  Runtime      # DAGs    # Errors  Last Runtime    Last Run               Last # of DB Queries
-------------------------------  -----  ---------  --------  ----------  --------------  -------------------  ----------------------
/opt/airflow/dags/reddit_dag.py     81  0.01s             1           0  0.19s           2025-02-21T02:13:21                      12
================================================================================
[2025-02-21T02:14:21.676+0000] {manager.py:997} INFO - 
================================================================================
DAG File Processing Stats

File Path                          PID  Runtime      # DAGs    # Errors  Last Runtime    Last Run               Last # of DB Queries
-------------------------------  -----  ---------  --------  ----------  --------------  -------------------  ----------------------
/opt/airflow/dags/reddit_dag.py     83  0.01s             1           0  0.22s           2025-02-21T02:13:51                      12
================================================================================
[2025-02-21T02:14:52.245+0000] {manager.py:997} INFO - 
================================================================================
DAG File Processing Stats

File Path                          PID  Runtime      # DAGs    # Errors  Last Runtime    Last Run               Last # of DB Queries
-------------------------------  -----  ---------  --------  ----------  --------------  -------------------  ----------------------
/opt/airflow/dags/reddit_dag.py     85  0.01s             1           0  0.20s           2025-02-21T02:14:21                      12
================================================================================
[2025-02-21T02:15:22.622+0000] {manager.py:997} INFO - 
================================================================================
DAG File Processing Stats

File Path                          PID  Runtime      # DAGs    # Errors  Last Runtime    Last Run               Last # of DB Queries
-------------------------------  -----  ---------  --------  ----------  --------------  -------------------  ----------------------
/opt/airflow/dags/reddit_dag.py     87  0.01s             1           0  0.21s           2025-02-21T02:14:52                      12
================================================================================
[2025-02-21T02:15:53.137+0000] {manager.py:997} INFO - 
================================================================================
DAG File Processing Stats

File Path                          PID  Runtime      # DAGs    # Errors  Last Runtime    Last Run               Last # of DB Queries
-------------------------------  -----  ---------  --------  ----------  --------------  -------------------  ----------------------
/opt/airflow/dags/reddit_dag.py     89  0.01s             1           0  0.17s           2025-02-21T02:15:22                      12
================================================================================
[2025-02-21T02:16:23.515+0000] {manager.py:997} INFO - 
================================================================================
DAG File Processing Stats

File Path                          PID  Runtime      # DAGs    # Errors  Last Runtime    Last Run               Last # of DB Queries
-------------------------------  -----  ---------  --------  ----------  --------------  -------------------  ----------------------
/opt/airflow/dags/reddit_dag.py     91  0.01s             1           0  0.17s           2025-02-21T02:15:53                      12
================================================================================
[2025-02-21T02:16:54.023+0000] {manager.py:997} INFO - 
================================================================================
DAG File Processing Stats

File Path                          PID  Runtime      # DAGs    # Errors  Last Runtime    Last Run               Last # of DB Queries
-------------------------------  -----  ---------  --------  ----------  --------------  -------------------  ----------------------
/opt/airflow/dags/reddit_dag.py     93  0.01s             1           0  0.20s           2025-02-21T02:16:23                      12
================================================================================
[2025-02-21T02:17:24.377+0000] {manager.py:997} INFO - 
================================================================================
DAG File Processing Stats

File Path                          PID  Runtime      # DAGs    # Errors  Last Runtime    Last Run               Last # of DB Queries
-------------------------------  -----  ---------  --------  ----------  --------------  -------------------  ----------------------
/opt/airflow/dags/reddit_dag.py     95  0.00s             1           0  0.17s           2025-02-21T02:16:54                      12
================================================================================
[2025-02-21T02:17:54.933+0000] {manager.py:997} INFO - 
================================================================================
DAG File Processing Stats

File Path                          PID  Runtime      # DAGs    # Errors  Last Runtime    Last Run               Last # of DB Queries
-------------------------------  -----  ---------  --------  ----------  --------------  -------------------  ----------------------
/opt/airflow/dags/reddit_dag.py     97  0.00s             1           0  0.18s           2025-02-21T02:17:24                      12
================================================================================
[2025-02-21T02:18:25.333+0000] {manager.py:997} INFO - 
================================================================================
DAG File Processing Stats

File Path                          PID  Runtime      # DAGs    # Errors  Last Runtime    Last Run               Last # of DB Queries
-------------------------------  -----  ---------  --------  ----------  --------------  -------------------  ----------------------
/opt/airflow/dags/reddit_dag.py     99  0.01s             1           0  0.16s           2025-02-21T02:17:55                      12
================================================================================
[2025-02-21T02:18:43.590+0000] {manager.py:821} INFO - Searching for files in /opt/airflow/dags
[2025-02-21T02:18:43.596+0000] {manager.py:824} INFO - There are 1 files in /opt/airflow/dags
[2025-02-21T02:18:55.752+0000] {manager.py:997} INFO - 
================================================================================
DAG File Processing Stats

File Path                          PID  Runtime      # DAGs    # Errors  Last Runtime    Last Run               Last # of DB Queries
-------------------------------  -----  ---------  --------  ----------  --------------  -------------------  ----------------------
/opt/airflow/dags/reddit_dag.py    101  0.00s             1           0  0.21s           2025-02-21T02:18:25                      12
================================================================================
[2025-02-21T02:19:26.214+0000] {manager.py:997} INFO - 
================================================================================
DAG File Processing Stats

File Path                          PID  Runtime      # DAGs    # Errors  Last Runtime    Last Run               Last # of DB Queries
-------------------------------  -----  ---------  --------  ----------  --------------  -------------------  ----------------------
/opt/airflow/dags/reddit_dag.py    103  0.00s             1           0  0.18s           2025-02-21T02:18:55                      12
================================================================================
[2025-02-21T02:19:56.597+0000] {manager.py:997} INFO - 
================================================================================
DAG File Processing Stats

File Path                          PID  Runtime      # DAGs    # Errors  Last Runtime    Last Run               Last # of DB Queries
-------------------------------  -----  ---------  --------  ----------  --------------  -------------------  ----------------------
/opt/airflow/dags/reddit_dag.py    105  0.01s             1           0  0.17s           2025-02-21T02:19:26                      12
================================================================================
[2025-02-21T02:20:27.105+0000] {manager.py:997} INFO - 
================================================================================
DAG File Processing Stats

File Path                          PID  Runtime      # DAGs    # Errors  Last Runtime    Last Run               Last # of DB Queries
-------------------------------  -----  ---------  --------  ----------  --------------  -------------------  ----------------------
/opt/airflow/dags/reddit_dag.py    107  0.01s             1           0  0.17s           2025-02-21T02:19:56                      12
================================================================================
[2025-02-21T02:20:57.476+0000] {manager.py:997} INFO - 
================================================================================
DAG File Processing Stats

File Path                          PID  Runtime      # DAGs    # Errors  Last Runtime    Last Run               Last # of DB Queries
-------------------------------  -----  ---------  --------  ----------  --------------  -------------------  ----------------------
/opt/airflow/dags/reddit_dag.py    109  0.00s             1           0  0.17s           2025-02-21T02:20:27                      12
================================================================================
[2025-02-21T02:21:27.949+0000] {manager.py:997} INFO - 
================================================================================
DAG File Processing Stats

File Path                          PID  Runtime      # DAGs    # Errors  Last Runtime    Last Run               Last # of DB Queries
-------------------------------  -----  ---------  --------  ----------  --------------  -------------------  ----------------------
/opt/airflow/dags/reddit_dag.py    111  0.01s             1           0  0.16s           2025-02-21T02:20:57                      12
================================================================================
[2025-02-21T02:21:58.482+0000] {manager.py:997} INFO - 
================================================================================
DAG File Processing Stats

File Path                          PID  Runtime      # DAGs    # Errors  Last Runtime    Last Run               Last # of DB Queries
-------------------------------  -----  ---------  --------  ----------  --------------  -------------------  ----------------------
/opt/airflow/dags/reddit_dag.py    113  0.01s             1           0  0.18s           2025-02-21T02:21:28                      12
================================================================================
[2025-02-21T02:22:28.963+0000] {manager.py:997} INFO - 
================================================================================
DAG File Processing Stats

File Path                          PID  Runtime      # DAGs    # Errors  Last Runtime    Last Run               Last # of DB Queries
-------------------------------  -----  ---------  --------  ----------  --------------  -------------------  ----------------------
/opt/airflow/dags/reddit_dag.py    115  0.01s             1           0  0.20s           2025-02-21T02:21:58                      12
================================================================================
[2025-02-21T02:22:59.365+0000] {manager.py:997} INFO - 
================================================================================
DAG File Processing Stats

File Path                          PID  Runtime      # DAGs    # Errors  Last Runtime    Last Run               Last # of DB Queries
-------------------------------  -----  ---------  --------  ----------  --------------  -------------------  ----------------------
/opt/airflow/dags/reddit_dag.py    117  0.00s             1           0  0.18s           2025-02-21T02:22:29                      12
================================================================================
[2025-02-21T02:23:29.718+0000] {manager.py:997} INFO - 
================================================================================
DAG File Processing Stats

File Path                          PID  Runtime      # DAGs    # Errors  Last Runtime    Last Run               Last # of DB Queries
-------------------------------  -----  ---------  --------  ----------  --------------  -------------------  ----------------------
/opt/airflow/dags/reddit_dag.py    119  0.00s             1           0  0.15s           2025-02-21T02:22:59                      12
================================================================================
[2025-02-21T02:23:43.888+0000] {manager.py:821} INFO - Searching for files in /opt/airflow/dags
[2025-02-21T02:23:43.895+0000] {manager.py:824} INFO - There are 1 files in /opt/airflow/dags
[2025-02-21T02:24:00.136+0000] {manager.py:997} INFO - 
================================================================================
DAG File Processing Stats

File Path                          PID  Runtime      # DAGs    # Errors  Last Runtime    Last Run               Last # of DB Queries
-------------------------------  -----  ---------  --------  ----------  --------------  -------------------  ----------------------
/opt/airflow/dags/reddit_dag.py    121  0.01s             1           0  0.16s           2025-02-21T02:23:29                      12
================================================================================
[2025-02-21T02:24:30.657+0000] {manager.py:997} INFO - 
================================================================================
DAG File Processing Stats

File Path                          PID  Runtime      # DAGs    # Errors  Last Runtime    Last Run               Last # of DB Queries
-------------------------------  -----  ---------  --------  ----------  --------------  -------------------  ----------------------
/opt/airflow/dags/reddit_dag.py    123  0.01s             1           0  0.22s           2025-02-21T02:24:00                      12
================================================================================
[2025-02-21T02:25:01.106+0000] {manager.py:997} INFO - 
================================================================================
DAG File Processing Stats

File Path                          PID  Runtime      # DAGs    # Errors  Last Runtime    Last Run               Last # of DB Queries
-------------------------------  -----  ---------  --------  ----------  --------------  -------------------  ----------------------
/opt/airflow/dags/reddit_dag.py    125  0.01s             1           0  0.16s           2025-02-21T02:24:30                      12
================================================================================
[2025-02-21T02:25:31.938+0000] {manager.py:997} INFO - 
================================================================================
DAG File Processing Stats

File Path                          PID  Runtime      # DAGs    # Errors  Last Runtime    Last Run               Last # of DB Queries
-------------------------------  -----  ---------  --------  ----------  --------------  -------------------  ----------------------
/opt/airflow/dags/reddit_dag.py    127  0.02s             1           0  0.19s           2025-02-21T02:25:01                      12
================================================================================
[2025-02-21T02:46:50.709+0000] {manager.py:821} INFO - Searching for files in /opt/airflow/dags
[2025-02-21T02:46:50.714+0000] {manager.py:824} INFO - There are 1 files in /opt/airflow/dags
[2025-02-21T02:47:16.014+0000] {manager.py:997} INFO - 
================================================================================
DAG File Processing Stats

File Path                        PID    Runtime      # DAGs    # Errors  Last Runtime    Last Run               Last # of DB Queries
-------------------------------  -----  ---------  --------  ----------  --------------  -------------------  ----------------------
/opt/airflow/dags/reddit_dag.py                           1           0  0.15s           2025-02-21T02:46:50                      12
================================================================================
[2025-02-21T02:47:46.474+0000] {manager.py:997} INFO - 
================================================================================
DAG File Processing Stats

File Path                        PID    Runtime      # DAGs    # Errors  Last Runtime    Last Run               Last # of DB Queries
-------------------------------  -----  ---------  --------  ----------  --------------  -------------------  ----------------------
/opt/airflow/dags/reddit_dag.py                           1           0  0.17s           2025-02-21T02:47:21                      12
================================================================================
[2025-02-21T02:48:16.867+0000] {manager.py:997} INFO - 
================================================================================
DAG File Processing Stats

File Path                        PID    Runtime      # DAGs    # Errors  Last Runtime    Last Run               Last # of DB Queries
-------------------------------  -----  ---------  --------  ----------  --------------  -------------------  ----------------------
/opt/airflow/dags/reddit_dag.py                           1           0  0.19s           2025-02-21T02:47:51                      12
================================================================================
[2025-02-21T02:48:47.369+0000] {manager.py:997} INFO - 
================================================================================
DAG File Processing Stats

File Path                        PID    Runtime      # DAGs    # Errors  Last Runtime    Last Run               Last # of DB Queries
-------------------------------  -----  ---------  --------  ----------  --------------  -------------------  ----------------------
/opt/airflow/dags/reddit_dag.py                           1           0  0.21s           2025-02-21T02:48:22                      12
================================================================================
[2025-02-21T02:49:17.730+0000] {manager.py:997} INFO - 
================================================================================
DAG File Processing Stats

File Path                        PID    Runtime      # DAGs    # Errors  Last Runtime    Last Run               Last # of DB Queries
-------------------------------  -----  ---------  --------  ----------  --------------  -------------------  ----------------------
/opt/airflow/dags/reddit_dag.py                           1           0  0.19s           2025-02-21T02:48:52                      12
================================================================================
[2025-02-21T02:49:48.244+0000] {manager.py:997} INFO - 
================================================================================
DAG File Processing Stats

File Path                        PID    Runtime      # DAGs    # Errors  Last Runtime    Last Run               Last # of DB Queries
-------------------------------  -----  ---------  --------  ----------  --------------  -------------------  ----------------------
/opt/airflow/dags/reddit_dag.py                           1           0  0.17s           2025-02-21T02:49:22                      12
================================================================================
[2025-02-21T02:50:18.587+0000] {manager.py:997} INFO - 
================================================================================
DAG File Processing Stats

File Path                        PID    Runtime      # DAGs    # Errors  Last Runtime    Last Run               Last # of DB Queries
-------------------------------  -----  ---------  --------  ----------  --------------  -------------------  ----------------------
/opt/airflow/dags/reddit_dag.py                           1           0  0.19s           2025-02-21T02:49:53                      12
================================================================================
[2025-02-21T02:50:48.936+0000] {manager.py:997} INFO - 
================================================================================
DAG File Processing Stats

File Path                        PID    Runtime      # DAGs    # Errors  Last Runtime    Last Run               Last # of DB Queries
-------------------------------  -----  ---------  --------  ----------  --------------  -------------------  ----------------------
/opt/airflow/dags/reddit_dag.py                           1           0  0.18s           2025-02-21T02:50:23                      12
================================================================================
[2025-02-21T02:51:19.399+0000] {manager.py:997} INFO - 
================================================================================
DAG File Processing Stats

File Path                        PID    Runtime      # DAGs    # Errors  Last Runtime    Last Run               Last # of DB Queries
-------------------------------  -----  ---------  --------  ----------  --------------  -------------------  ----------------------
/opt/airflow/dags/reddit_dag.py                           1           0  0.19s           2025-02-21T02:50:54                      12
================================================================================
[2025-02-21T02:51:49.771+0000] {manager.py:997} INFO - 
================================================================================
DAG File Processing Stats

File Path                        PID    Runtime      # DAGs    # Errors  Last Runtime    Last Run               Last # of DB Queries
-------------------------------  -----  ---------  --------  ----------  --------------  -------------------  ----------------------
/opt/airflow/dags/reddit_dag.py                           1           0  0.20s           2025-02-21T02:51:24                      12
================================================================================
[2025-02-21T02:51:50.783+0000] {manager.py:821} INFO - Searching for files in /opt/airflow/dags
[2025-02-21T02:51:50.789+0000] {manager.py:824} INFO - There are 1 files in /opt/airflow/dags
[2025-02-21T02:52:20.234+0000] {manager.py:997} INFO - 
================================================================================
DAG File Processing Stats

File Path                        PID    Runtime      # DAGs    # Errors  Last Runtime    Last Run               Last # of DB Queries
-------------------------------  -----  ---------  --------  ----------  --------------  -------------------  ----------------------
/opt/airflow/dags/reddit_dag.py                           1           0  0.18s           2025-02-21T02:51:55                      12
================================================================================
[2025-02-21T02:52:50.569+0000] {manager.py:997} INFO - 
================================================================================
DAG File Processing Stats

File Path                        PID    Runtime      # DAGs    # Errors  Last Runtime    Last Run               Last # of DB Queries
-------------------------------  -----  ---------  --------  ----------  --------------  -------------------  ----------------------
/opt/airflow/dags/reddit_dag.py                           1           0  0.25s           2025-02-21T02:52:25                      12
================================================================================
[2025-02-21T02:53:20.906+0000] {manager.py:997} INFO - 
================================================================================
DAG File Processing Stats

File Path                        PID    Runtime      # DAGs    # Errors  Last Runtime    Last Run               Last # of DB Queries
-------------------------------  -----  ---------  --------  ----------  --------------  -------------------  ----------------------
/opt/airflow/dags/reddit_dag.py                           1           0  0.18s           2025-02-21T02:52:55                      12
================================================================================
[2025-02-21T02:53:51.413+0000] {manager.py:997} INFO - 
================================================================================
DAG File Processing Stats

File Path                        PID    Runtime      # DAGs    # Errors  Last Runtime    Last Run               Last # of DB Queries
-------------------------------  -----  ---------  --------  ----------  --------------  -------------------  ----------------------
/opt/airflow/dags/reddit_dag.py                           1           0  0.17s           2025-02-21T02:53:26                      12
================================================================================
[2025-02-21T02:54:21.760+0000] {manager.py:997} INFO - 
================================================================================
DAG File Processing Stats

File Path                        PID    Runtime      # DAGs    # Errors  Last Runtime    Last Run               Last # of DB Queries
-------------------------------  -----  ---------  --------  ----------  --------------  -------------------  ----------------------
/opt/airflow/dags/reddit_dag.py                           1           0  0.17s           2025-02-21T02:53:56                      12
================================================================================
[2025-02-21T02:54:52.159+0000] {manager.py:997} INFO - 
================================================================================
DAG File Processing Stats

File Path                        PID    Runtime      # DAGs    # Errors  Last Runtime    Last Run               Last # of DB Queries
-------------------------------  -----  ---------  --------  ----------  --------------  -------------------  ----------------------
/opt/airflow/dags/reddit_dag.py                           1           0  0.19s           2025-02-21T02:54:27                      12
================================================================================
[2025-02-21T02:55:22.564+0000] {manager.py:997} INFO - 
================================================================================
DAG File Processing Stats

File Path                        PID    Runtime      # DAGs    # Errors  Last Runtime    Last Run               Last # of DB Queries
-------------------------------  -----  ---------  --------  ----------  --------------  -------------------  ----------------------
/opt/airflow/dags/reddit_dag.py                           1           0  0.18s           2025-02-21T02:54:57                      12
================================================================================
[2025-02-21T02:55:53.000+0000] {manager.py:997} INFO - 
================================================================================
DAG File Processing Stats

File Path                        PID    Runtime      # DAGs    # Errors  Last Runtime    Last Run               Last # of DB Queries
-------------------------------  -----  ---------  --------  ----------  --------------  -------------------  ----------------------
/opt/airflow/dags/reddit_dag.py                           1           0  0.18s           2025-02-21T02:55:27                      12
================================================================================
[2025-02-21T02:56:23.419+0000] {manager.py:997} INFO - 
================================================================================
DAG File Processing Stats

File Path                        PID    Runtime      # DAGs    # Errors  Last Runtime    Last Run               Last # of DB Queries
-------------------------------  -----  ---------  --------  ----------  --------------  -------------------  ----------------------
/opt/airflow/dags/reddit_dag.py                           1           0  0.17s           2025-02-21T02:55:58                      12
================================================================================
[2025-02-21T02:56:50.916+0000] {manager.py:821} INFO - Searching for files in /opt/airflow/dags
[2025-02-21T02:56:50.924+0000] {manager.py:824} INFO - There are 1 files in /opt/airflow/dags
[2025-02-21T02:56:53.795+0000] {manager.py:997} INFO - 
================================================================================
DAG File Processing Stats

File Path                        PID    Runtime      # DAGs    # Errors  Last Runtime    Last Run               Last # of DB Queries
-------------------------------  -----  ---------  --------  ----------  --------------  -------------------  ----------------------
/opt/airflow/dags/reddit_dag.py                           1           0  0.23s           2025-02-21T02:56:28                      12
================================================================================
[2025-02-21T02:57:24.285+0000] {manager.py:997} INFO - 
================================================================================
DAG File Processing Stats

File Path                        PID    Runtime      # DAGs    # Errors  Last Runtime    Last Run               Last # of DB Queries
-------------------------------  -----  ---------  --------  ----------  --------------  -------------------  ----------------------
/opt/airflow/dags/reddit_dag.py                           1           0  0.18s           2025-02-21T02:56:59                      12
================================================================================
[2025-02-21T02:57:54.672+0000] {manager.py:997} INFO - 
================================================================================
DAG File Processing Stats

File Path                        PID    Runtime      # DAGs    # Errors  Last Runtime    Last Run               Last # of DB Queries
-------------------------------  -----  ---------  --------  ----------  --------------  -------------------  ----------------------
/opt/airflow/dags/reddit_dag.py                           1           0  0.19s           2025-02-21T02:57:29                      12
================================================================================
[2025-02-21T02:58:25.127+0000] {manager.py:997} INFO - 
================================================================================
DAG File Processing Stats

File Path                        PID    Runtime      # DAGs    # Errors  Last Runtime    Last Run               Last # of DB Queries
-------------------------------  -----  ---------  --------  ----------  --------------  -------------------  ----------------------
/opt/airflow/dags/reddit_dag.py                           1           0  0.18s           2025-02-21T02:57:59                      12
================================================================================
[2025-02-21T02:58:55.429+0000] {manager.py:997} INFO - 
================================================================================
DAG File Processing Stats

File Path                        PID    Runtime      # DAGs    # Errors  Last Runtime    Last Run               Last # of DB Queries
-------------------------------  -----  ---------  --------  ----------  --------------  -------------------  ----------------------
/opt/airflow/dags/reddit_dag.py                           1           0  0.17s           2025-02-21T02:58:30                      12
================================================================================
[2025-02-21T02:59:25.922+0000] {manager.py:997} INFO - 
================================================================================
DAG File Processing Stats

File Path                        PID    Runtime      # DAGs    # Errors  Last Runtime    Last Run               Last # of DB Queries
-------------------------------  -----  ---------  --------  ----------  --------------  -------------------  ----------------------
/opt/airflow/dags/reddit_dag.py                           1           0  0.17s           2025-02-21T02:59:00                      12
================================================================================
[2025-02-21T02:59:56.287+0000] {manager.py:997} INFO - 
================================================================================
DAG File Processing Stats

File Path                        PID    Runtime      # DAGs    # Errors  Last Runtime    Last Run               Last # of DB Queries
-------------------------------  -----  ---------  --------  ----------  --------------  -------------------  ----------------------
/opt/airflow/dags/reddit_dag.py                           1           0  0.17s           2025-02-21T02:59:31                      12
================================================================================
[2025-02-21T03:00:26.740+0000] {manager.py:997} INFO - 
================================================================================
DAG File Processing Stats

File Path                        PID    Runtime      # DAGs    # Errors  Last Runtime    Last Run               Last # of DB Queries
-------------------------------  -----  ---------  --------  ----------  --------------  -------------------  ----------------------
/opt/airflow/dags/reddit_dag.py                           1           0  0.17s           2025-02-21T03:00:01                      12
================================================================================
[2025-02-21T03:00:57.110+0000] {manager.py:997} INFO - 
================================================================================
DAG File Processing Stats

File Path                        PID    Runtime      # DAGs    # Errors  Last Runtime    Last Run               Last # of DB Queries
-------------------------------  -----  ---------  --------  ----------  --------------  -------------------  ----------------------
/opt/airflow/dags/reddit_dag.py                           1           0  0.16s           2025-02-21T03:00:31                      12
================================================================================
[2025-02-21T03:01:27.566+0000] {manager.py:997} INFO - 
================================================================================
DAG File Processing Stats

File Path                        PID    Runtime      # DAGs    # Errors  Last Runtime    Last Run               Last # of DB Queries
-------------------------------  -----  ---------  --------  ----------  --------------  -------------------  ----------------------
/opt/airflow/dags/reddit_dag.py                           1           0  0.17s           2025-02-21T03:01:02                      12
================================================================================
[2025-02-21T03:01:51.042+0000] {manager.py:821} INFO - Searching for files in /opt/airflow/dags
[2025-02-21T03:01:51.052+0000] {manager.py:824} INFO - There are 1 files in /opt/airflow/dags
[2025-02-21T03:01:57.907+0000] {manager.py:997} INFO - 
================================================================================
DAG File Processing Stats

File Path                        PID    Runtime      # DAGs    # Errors  Last Runtime    Last Run               Last # of DB Queries
-------------------------------  -----  ---------  --------  ----------  --------------  -------------------  ----------------------
/opt/airflow/dags/reddit_dag.py                           1           0  0.25s           2025-02-21T03:01:32                      12
================================================================================
[2025-02-21T03:02:28.240+0000] {manager.py:997} INFO - 
================================================================================
DAG File Processing Stats

File Path                        PID    Runtime      # DAGs    # Errors  Last Runtime    Last Run               Last # of DB Queries
-------------------------------  -----  ---------  --------  ----------  --------------  -------------------  ----------------------
/opt/airflow/dags/reddit_dag.py                           1           0  0.17s           2025-02-21T03:02:03                      12
================================================================================
[2025-02-21T03:02:58.651+0000] {manager.py:997} INFO - 
================================================================================
DAG File Processing Stats

File Path                        PID    Runtime      # DAGs    # Errors  Last Runtime    Last Run               Last # of DB Queries
-------------------------------  -----  ---------  --------  ----------  --------------  -------------------  ----------------------
/opt/airflow/dags/reddit_dag.py                           1           0  0.25s           2025-02-21T03:02:33                      12
================================================================================
[2025-02-21T03:03:29.156+0000] {manager.py:997} INFO - 
================================================================================
DAG File Processing Stats

File Path                        PID    Runtime      # DAGs    # Errors  Last Runtime    Last Run               Last # of DB Queries
-------------------------------  -----  ---------  --------  ----------  --------------  -------------------  ----------------------
/opt/airflow/dags/reddit_dag.py                           1           0  0.19s           2025-02-21T03:03:03                      12
================================================================================
[2025-02-21T03:03:59.559+0000] {manager.py:997} INFO - 
================================================================================
DAG File Processing Stats

File Path                        PID    Runtime      # DAGs    # Errors  Last Runtime    Last Run               Last # of DB Queries
-------------------------------  -----  ---------  --------  ----------  --------------  -------------------  ----------------------
/opt/airflow/dags/reddit_dag.py                           1           0  0.23s           2025-02-21T03:03:34                      12
================================================================================
[2025-02-21T03:04:30.016+0000] {manager.py:997} INFO - 
================================================================================
DAG File Processing Stats

File Path                        PID    Runtime      # DAGs    # Errors  Last Runtime    Last Run               Last # of DB Queries
-------------------------------  -----  ---------  --------  ----------  --------------  -------------------  ----------------------
/opt/airflow/dags/reddit_dag.py                           1           0  0.25s           2025-02-21T03:04:04                      12
================================================================================
[2025-02-21T03:05:00.459+0000] {manager.py:997} INFO - 
================================================================================
DAG File Processing Stats

File Path                        PID    Runtime      # DAGs    # Errors  Last Runtime    Last Run               Last # of DB Queries
-------------------------------  -----  ---------  --------  ----------  --------------  -------------------  ----------------------
/opt/airflow/dags/reddit_dag.py                           1           0  0.19s           2025-02-21T03:04:35                      12
================================================================================
[2025-02-21T03:05:30.882+0000] {manager.py:997} INFO - 
================================================================================
DAG File Processing Stats

File Path                        PID    Runtime      # DAGs    # Errors  Last Runtime    Last Run               Last # of DB Queries
-------------------------------  -----  ---------  --------  ----------  --------------  -------------------  ----------------------
/opt/airflow/dags/reddit_dag.py                           1           0  0.17s           2025-02-21T03:05:05                      12
================================================================================
[2025-02-21T03:06:01.240+0000] {manager.py:997} INFO - 
================================================================================
DAG File Processing Stats

File Path                        PID    Runtime      # DAGs    # Errors  Last Runtime    Last Run               Last # of DB Queries
-------------------------------  -----  ---------  --------  ----------  --------------  -------------------  ----------------------
/opt/airflow/dags/reddit_dag.py                           1           0  0.20s           2025-02-21T03:05:36                      12
================================================================================
[2025-02-21T03:06:31.585+0000] {manager.py:997} INFO - 
================================================================================
DAG File Processing Stats

File Path                        PID    Runtime      # DAGs    # Errors  Last Runtime    Last Run               Last # of DB Queries
-------------------------------  -----  ---------  --------  ----------  --------------  -------------------  ----------------------
/opt/airflow/dags/reddit_dag.py                           1           0  0.15s           2025-02-21T03:06:06                      12
================================================================================
[2025-02-21T03:06:51.937+0000] {manager.py:821} INFO - Searching for files in /opt/airflow/dags
[2025-02-21T03:06:51.948+0000] {manager.py:824} INFO - There are 1 files in /opt/airflow/dags
[2025-02-21T03:07:02.098+0000] {manager.py:997} INFO - 
================================================================================
DAG File Processing Stats

File Path                        PID    Runtime      # DAGs    # Errors  Last Runtime    Last Run               Last # of DB Queries
-------------------------------  -----  ---------  --------  ----------  --------------  -------------------  ----------------------
/opt/airflow/dags/reddit_dag.py                           1           0  0.17s           2025-02-21T03:06:36                      12
================================================================================
[2025-02-21T03:07:32.537+0000] {manager.py:997} INFO - 
================================================================================
DAG File Processing Stats

File Path                        PID    Runtime      # DAGs    # Errors  Last Runtime    Last Run               Last # of DB Queries
-------------------------------  -----  ---------  --------  ----------  --------------  -------------------  ----------------------
/opt/airflow/dags/reddit_dag.py                           1           0  0.18s           2025-02-21T03:07:07                      12
================================================================================
[2025-02-21T03:08:03.033+0000] {manager.py:997} INFO - 
================================================================================
DAG File Processing Stats

File Path                        PID    Runtime      # DAGs    # Errors  Last Runtime    Last Run               Last # of DB Queries
-------------------------------  -----  ---------  --------  ----------  --------------  -------------------  ----------------------
/opt/airflow/dags/reddit_dag.py                           1           0  0.16s           2025-02-21T03:07:37                      12
================================================================================
[2025-02-21T03:08:33.395+0000] {manager.py:997} INFO - 
================================================================================
DAG File Processing Stats

File Path                        PID    Runtime      # DAGs    # Errors  Last Runtime    Last Run               Last # of DB Queries
-------------------------------  -----  ---------  --------  ----------  --------------  -------------------  ----------------------
/opt/airflow/dags/reddit_dag.py                           1           0  0.16s           2025-02-21T03:08:08                      12
================================================================================
[2025-02-21T03:09:03.834+0000] {manager.py:997} INFO - 
================================================================================
DAG File Processing Stats

File Path                        PID    Runtime      # DAGs    # Errors  Last Runtime    Last Run               Last # of DB Queries
-------------------------------  -----  ---------  --------  ----------  --------------  -------------------  ----------------------
/opt/airflow/dags/reddit_dag.py                           1           0  0.20s           2025-02-21T03:08:38                      12
================================================================================
[2025-02-21T03:09:34.322+0000] {manager.py:997} INFO - 
================================================================================
DAG File Processing Stats

File Path                        PID    Runtime      # DAGs    # Errors  Last Runtime    Last Run               Last # of DB Queries
-------------------------------  -----  ---------  --------  ----------  --------------  -------------------  ----------------------
/opt/airflow/dags/reddit_dag.py                           1           0  0.16s           2025-02-21T03:09:09                      12
================================================================================
[2025-02-21T03:10:04.728+0000] {manager.py:997} INFO - 
================================================================================
DAG File Processing Stats

File Path                        PID    Runtime      # DAGs    # Errors  Last Runtime    Last Run               Last # of DB Queries
-------------------------------  -----  ---------  --------  ----------  --------------  -------------------  ----------------------
/opt/airflow/dags/reddit_dag.py                           1           0  0.18s           2025-02-21T03:09:39                      12
================================================================================
[2025-02-21T03:10:35.228+0000] {manager.py:997} INFO - 
================================================================================
DAG File Processing Stats

File Path                        PID    Runtime      # DAGs    # Errors  Last Runtime    Last Run               Last # of DB Queries
-------------------------------  -----  ---------  --------  ----------  --------------  -------------------  ----------------------
/opt/airflow/dags/reddit_dag.py                           1           0  0.18s           2025-02-21T03:10:09                      12
================================================================================
[2025-02-21T03:11:05.648+0000] {manager.py:997} INFO - 
================================================================================
DAG File Processing Stats

File Path                        PID    Runtime      # DAGs    # Errors  Last Runtime    Last Run               Last # of DB Queries
-------------------------------  -----  ---------  --------  ----------  --------------  -------------------  ----------------------
/opt/airflow/dags/reddit_dag.py                           1           0  0.20s           2025-02-21T03:10:40                      12
================================================================================
[2025-02-21T03:11:36.158+0000] {manager.py:997} INFO - 
================================================================================
DAG File Processing Stats

File Path                        PID    Runtime      # DAGs    # Errors  Last Runtime    Last Run               Last # of DB Queries
-------------------------------  -----  ---------  --------  ----------  --------------  -------------------  ----------------------
/opt/airflow/dags/reddit_dag.py                           1           0  0.17s           2025-02-21T03:11:10                      12
================================================================================
[2025-02-21T03:11:52.344+0000] {manager.py:821} INFO - Searching for files in /opt/airflow/dags
[2025-02-21T03:11:52.349+0000] {manager.py:824} INFO - There are 1 files in /opt/airflow/dags
[2025-02-21T03:12:06.502+0000] {manager.py:997} INFO - 
================================================================================
DAG File Processing Stats

File Path                        PID    Runtime      # DAGs    # Errors  Last Runtime    Last Run               Last # of DB Queries
-------------------------------  -----  ---------  --------  ----------  --------------  -------------------  ----------------------
/opt/airflow/dags/reddit_dag.py                           1           0  0.17s           2025-02-21T03:11:41                      12
================================================================================
[2025-02-21T03:12:36.874+0000] {manager.py:997} INFO - 
================================================================================
DAG File Processing Stats

File Path                        PID    Runtime      # DAGs    # Errors  Last Runtime    Last Run               Last # of DB Queries
-------------------------------  -----  ---------  --------  ----------  --------------  -------------------  ----------------------
/opt/airflow/dags/reddit_dag.py                           1           0  0.17s           2025-02-21T03:12:11                      12
================================================================================
[2025-02-21T03:13:07.432+0000] {manager.py:997} INFO - 
================================================================================
DAG File Processing Stats

File Path                        PID    Runtime      # DAGs    # Errors  Last Runtime    Last Run               Last # of DB Queries
-------------------------------  -----  ---------  --------  ----------  --------------  -------------------  ----------------------
/opt/airflow/dags/reddit_dag.py                           1           0  0.15s           2025-02-21T03:12:42                      12
================================================================================
[2025-02-21T03:13:37.817+0000] {manager.py:997} INFO - 
================================================================================
DAG File Processing Stats

File Path                        PID    Runtime      # DAGs    # Errors  Last Runtime    Last Run               Last # of DB Queries
-------------------------------  -----  ---------  --------  ----------  --------------  -------------------  ----------------------
/opt/airflow/dags/reddit_dag.py                           1           0  0.20s           2025-02-21T03:13:12                      12
================================================================================
[2025-02-21T03:14:08.331+0000] {manager.py:997} INFO - 
================================================================================
DAG File Processing Stats

File Path                        PID    Runtime      # DAGs    # Errors  Last Runtime    Last Run               Last # of DB Queries
-------------------------------  -----  ---------  --------  ----------  --------------  -------------------  ----------------------
/opt/airflow/dags/reddit_dag.py                           1           0  0.17s           2025-02-21T03:13:43                      12
================================================================================
[2025-02-21T03:14:38.774+0000] {manager.py:997} INFO - 
================================================================================
DAG File Processing Stats

File Path                        PID    Runtime      # DAGs    # Errors  Last Runtime    Last Run               Last # of DB Queries
-------------------------------  -----  ---------  --------  ----------  --------------  -------------------  ----------------------
/opt/airflow/dags/reddit_dag.py                           1           0  0.18s           2025-02-21T03:14:13                      12
================================================================================
[2025-02-21T03:15:09.143+0000] {manager.py:997} INFO - 
================================================================================
DAG File Processing Stats

File Path                        PID    Runtime      # DAGs    # Errors  Last Runtime    Last Run               Last # of DB Queries
-------------------------------  -----  ---------  --------  ----------  --------------  -------------------  ----------------------
/opt/airflow/dags/reddit_dag.py                           1           0  0.17s           2025-02-21T03:14:44                      12
================================================================================
[2025-02-21T03:15:39.606+0000] {manager.py:997} INFO - 
================================================================================
DAG File Processing Stats

File Path                        PID    Runtime      # DAGs    # Errors  Last Runtime    Last Run               Last # of DB Queries
-------------------------------  -----  ---------  --------  ----------  --------------  -------------------  ----------------------
/opt/airflow/dags/reddit_dag.py                           1           0  0.16s           2025-02-21T03:15:14                      12
================================================================================
[2025-02-21T03:16:09.963+0000] {manager.py:997} INFO - 
================================================================================
DAG File Processing Stats

File Path                        PID    Runtime      # DAGs    # Errors  Last Runtime    Last Run               Last # of DB Queries
-------------------------------  -----  ---------  --------  ----------  --------------  -------------------  ----------------------
/opt/airflow/dags/reddit_dag.py                           1           0  0.27s           2025-02-21T03:15:44                      12
================================================================================
[2025-02-21T03:16:40.331+0000] {manager.py:997} INFO - 
================================================================================
DAG File Processing Stats

File Path                        PID    Runtime      # DAGs    # Errors  Last Runtime    Last Run               Last # of DB Queries
-------------------------------  -----  ---------  --------  ----------  --------------  -------------------  ----------------------
/opt/airflow/dags/reddit_dag.py                           1           0  0.20s           2025-02-21T03:16:15                      12
================================================================================
[2025-02-21T03:16:52.642+0000] {manager.py:821} INFO - Searching for files in /opt/airflow/dags
[2025-02-21T03:16:52.648+0000] {manager.py:824} INFO - There are 1 files in /opt/airflow/dags
[2025-02-21T03:17:10.875+0000] {manager.py:997} INFO - 
================================================================================
DAG File Processing Stats

File Path                        PID    Runtime      # DAGs    # Errors  Last Runtime    Last Run               Last # of DB Queries
-------------------------------  -----  ---------  --------  ----------  --------------  -------------------  ----------------------
/opt/airflow/dags/reddit_dag.py                           1           0  0.17s           2025-02-21T03:16:45                      12
================================================================================
[2025-02-21T03:17:41.257+0000] {manager.py:997} INFO - 
================================================================================
DAG File Processing Stats

File Path                        PID    Runtime      # DAGs    # Errors  Last Runtime    Last Run               Last # of DB Queries
-------------------------------  -----  ---------  --------  ----------  --------------  -------------------  ----------------------
/opt/airflow/dags/reddit_dag.py                           1           0  0.29s           2025-02-21T03:17:16                      12
================================================================================
[2025-02-21T03:18:11.610+0000] {manager.py:997} INFO - 
================================================================================
DAG File Processing Stats

File Path                        PID    Runtime      # DAGs    # Errors  Last Runtime    Last Run               Last # of DB Queries
-------------------------------  -----  ---------  --------  ----------  --------------  -------------------  ----------------------
/opt/airflow/dags/reddit_dag.py                           1           0  0.20s           2025-02-21T03:17:46                      12
================================================================================
[2025-02-21T03:18:42.071+0000] {manager.py:997} INFO - 
================================================================================
DAG File Processing Stats

File Path                        PID    Runtime      # DAGs    # Errors  Last Runtime    Last Run               Last # of DB Queries
-------------------------------  -----  ---------  --------  ----------  --------------  -------------------  ----------------------
/opt/airflow/dags/reddit_dag.py                           1           0  0.26s           2025-02-21T03:18:16                      12
================================================================================
[2025-02-21T03:19:12.461+0000] {manager.py:997} INFO - 
================================================================================
DAG File Processing Stats

File Path                        PID    Runtime      # DAGs    # Errors  Last Runtime    Last Run               Last # of DB Queries
-------------------------------  -----  ---------  --------  ----------  --------------  -------------------  ----------------------
/opt/airflow/dags/reddit_dag.py                           1           0  0.18s           2025-02-21T03:18:47                      12
================================================================================
[2025-02-21T03:19:42.978+0000] {manager.py:997} INFO - 
================================================================================
DAG File Processing Stats

File Path                        PID    Runtime      # DAGs    # Errors  Last Runtime    Last Run               Last # of DB Queries
-------------------------------  -----  ---------  --------  ----------  --------------  -------------------  ----------------------
/opt/airflow/dags/reddit_dag.py                           1           0  0.28s           2025-02-21T03:19:17                      12
================================================================================
[2025-02-21T03:20:13.467+0000] {manager.py:997} INFO - 
================================================================================
DAG File Processing Stats

File Path                        PID    Runtime      # DAGs    # Errors  Last Runtime    Last Run               Last # of DB Queries
-------------------------------  -----  ---------  --------  ----------  --------------  -------------------  ----------------------
/opt/airflow/dags/reddit_dag.py                           1           0  0.18s           2025-02-21T03:19:48                      12
================================================================================
[2025-02-21T03:20:43.922+0000] {manager.py:997} INFO - 
================================================================================
DAG File Processing Stats

File Path                        PID    Runtime      # DAGs    # Errors  Last Runtime    Last Run               Last # of DB Queries
-------------------------------  -----  ---------  --------  ----------  --------------  -------------------  ----------------------
/opt/airflow/dags/reddit_dag.py                           1           0  0.17s           2025-02-21T03:20:18                      12
================================================================================
[2025-02-21T03:21:14.387+0000] {manager.py:997} INFO - 
================================================================================
DAG File Processing Stats

File Path                        PID    Runtime      # DAGs    # Errors  Last Runtime    Last Run               Last # of DB Queries
-------------------------------  -----  ---------  --------  ----------  --------------  -------------------  ----------------------
/opt/airflow/dags/reddit_dag.py                           1           0  0.26s           2025-02-21T03:20:49                      12
================================================================================
[2025-02-21T03:21:44.917+0000] {manager.py:997} INFO - 
================================================================================
DAG File Processing Stats

File Path                        PID    Runtime      # DAGs    # Errors  Last Runtime    Last Run               Last # of DB Queries
-------------------------------  -----  ---------  --------  ----------  --------------  -------------------  ----------------------
/opt/airflow/dags/reddit_dag.py                           1           0  0.23s           2025-02-21T03:21:19                      12
================================================================================
[2025-02-21T03:21:53.042+0000] {manager.py:821} INFO - Searching for files in /opt/airflow/dags
[2025-02-21T03:21:53.051+0000] {manager.py:824} INFO - There are 1 files in /opt/airflow/dags
[2025-02-21T03:22:15.309+0000] {manager.py:997} INFO - 
================================================================================
DAG File Processing Stats

File Path                        PID    Runtime      # DAGs    # Errors  Last Runtime    Last Run               Last # of DB Queries
-------------------------------  -----  ---------  --------  ----------  --------------  -------------------  ----------------------
/opt/airflow/dags/reddit_dag.py                           1           0  0.18s           2025-02-21T03:21:50                      12
================================================================================
[2025-02-21T03:22:45.656+0000] {manager.py:997} INFO - 
================================================================================
DAG File Processing Stats

File Path                        PID    Runtime      # DAGs    # Errors  Last Runtime    Last Run               Last # of DB Queries
-------------------------------  -----  ---------  --------  ----------  --------------  -------------------  ----------------------
/opt/airflow/dags/reddit_dag.py                           1           0  0.22s           2025-02-21T03:22:20                      12
================================================================================
[2025-02-21T03:23:16.018+0000] {manager.py:997} INFO - 
================================================================================
DAG File Processing Stats

File Path                        PID    Runtime      # DAGs    # Errors  Last Runtime    Last Run               Last # of DB Queries
-------------------------------  -----  ---------  --------  ----------  --------------  -------------------  ----------------------
/opt/airflow/dags/reddit_dag.py                           1           0  0.17s           2025-02-21T03:22:50                      12
================================================================================
[2025-02-21T03:23:46.517+0000] {manager.py:997} INFO - 
================================================================================
DAG File Processing Stats

File Path                        PID    Runtime      # DAGs    # Errors  Last Runtime    Last Run               Last # of DB Queries
-------------------------------  -----  ---------  --------  ----------  --------------  -------------------  ----------------------
/opt/airflow/dags/reddit_dag.py                           1           0  0.16s           2025-02-21T03:23:21                      12
================================================================================
[2025-02-21T03:24:16.960+0000] {manager.py:997} INFO - 
================================================================================
DAG File Processing Stats

File Path                        PID    Runtime      # DAGs    # Errors  Last Runtime    Last Run               Last # of DB Queries
-------------------------------  -----  ---------  --------  ----------  --------------  -------------------  ----------------------
/opt/airflow/dags/reddit_dag.py                           1           0  0.17s           2025-02-21T03:23:51                      12
================================================================================
[2025-02-21T03:24:47.437+0000] {manager.py:997} INFO - 
================================================================================
DAG File Processing Stats

File Path                        PID    Runtime      # DAGs    # Errors  Last Runtime    Last Run               Last # of DB Queries
-------------------------------  -----  ---------  --------  ----------  --------------  -------------------  ----------------------
/opt/airflow/dags/reddit_dag.py                           1           0  0.19s           2025-02-21T03:24:22                      12
================================================================================
[2025-02-21T03:25:17.820+0000] {manager.py:997} INFO - 
================================================================================
DAG File Processing Stats

File Path                        PID    Runtime      # DAGs    # Errors  Last Runtime    Last Run               Last # of DB Queries
-------------------------------  -----  ---------  --------  ----------  --------------  -------------------  ----------------------
/opt/airflow/dags/reddit_dag.py                           1           0  0.32s           2025-02-21T03:24:52                      12
================================================================================
[2025-02-21T03:25:48.170+0000] {manager.py:997} INFO - 
================================================================================
DAG File Processing Stats

File Path                        PID    Runtime      # DAGs    # Errors  Last Runtime    Last Run               Last # of DB Queries
-------------------------------  -----  ---------  --------  ----------  --------------  -------------------  ----------------------
/opt/airflow/dags/reddit_dag.py                           1           0  0.19s           2025-02-21T03:25:23                      12
================================================================================
[2025-02-21T03:26:18.662+0000] {manager.py:997} INFO - 
================================================================================
DAG File Processing Stats

File Path                        PID    Runtime      # DAGs    # Errors  Last Runtime    Last Run               Last # of DB Queries
-------------------------------  -----  ---------  --------  ----------  --------------  -------------------  ----------------------
/opt/airflow/dags/reddit_dag.py                           1           0  0.23s           2025-02-21T03:25:53                      12
================================================================================
[2025-02-21T03:26:48.975+0000] {manager.py:997} INFO - 
================================================================================
DAG File Processing Stats

File Path                        PID    Runtime      # DAGs    # Errors  Last Runtime    Last Run               Last # of DB Queries
-------------------------------  -----  ---------  --------  ----------  --------------  -------------------  ----------------------
/opt/airflow/dags/reddit_dag.py                           1           0  0.23s           2025-02-21T03:26:23                      12
================================================================================
[2025-02-21T03:26:53.253+0000] {manager.py:821} INFO - Searching for files in /opt/airflow/dags
[2025-02-21T03:26:53.260+0000] {manager.py:824} INFO - There are 1 files in /opt/airflow/dags
[2025-02-21T03:27:19.313+0000] {manager.py:997} INFO - 
================================================================================
DAG File Processing Stats

File Path                        PID    Runtime      # DAGs    # Errors  Last Runtime    Last Run               Last # of DB Queries
-------------------------------  -----  ---------  --------  ----------  --------------  -------------------  ----------------------
/opt/airflow/dags/reddit_dag.py                           1           0  0.21s           2025-02-21T03:26:54                      12
================================================================================
[2025-02-21T03:27:49.690+0000] {manager.py:997} INFO - 
================================================================================
DAG File Processing Stats

File Path                        PID    Runtime      # DAGs    # Errors  Last Runtime    Last Run               Last # of DB Queries
-------------------------------  -----  ---------  --------  ----------  --------------  -------------------  ----------------------
/opt/airflow/dags/reddit_dag.py                           1           0  0.17s           2025-02-21T03:27:24                      12
================================================================================
[2025-02-21T03:28:20.116+0000] {manager.py:997} INFO - 
================================================================================
DAG File Processing Stats

File Path                        PID    Runtime      # DAGs    # Errors  Last Runtime    Last Run               Last # of DB Queries
-------------------------------  -----  ---------  --------  ----------  --------------  -------------------  ----------------------
/opt/airflow/dags/reddit_dag.py                           1           0  0.18s           2025-02-21T03:27:54                      12
================================================================================
[2025-02-21T03:28:50.456+0000] {manager.py:997} INFO - 
================================================================================
DAG File Processing Stats

File Path                        PID    Runtime      # DAGs    # Errors  Last Runtime    Last Run               Last # of DB Queries
-------------------------------  -----  ---------  --------  ----------  --------------  -------------------  ----------------------
/opt/airflow/dags/reddit_dag.py                           1           0  0.18s           2025-02-21T03:28:25                      12
================================================================================
[2025-02-21T03:29:20.961+0000] {manager.py:997} INFO - 
================================================================================
DAG File Processing Stats

File Path                        PID    Runtime      # DAGs    # Errors  Last Runtime    Last Run               Last # of DB Queries
-------------------------------  -----  ---------  --------  ----------  --------------  -------------------  ----------------------
/opt/airflow/dags/reddit_dag.py                           1           0  0.25s           2025-02-21T03:28:55                      12
================================================================================
[2025-02-21T03:29:51.350+0000] {manager.py:997} INFO - 
================================================================================
DAG File Processing Stats

File Path                        PID    Runtime      # DAGs    # Errors  Last Runtime    Last Run               Last # of DB Queries
-------------------------------  -----  ---------  --------  ----------  --------------  -------------------  ----------------------
/opt/airflow/dags/reddit_dag.py                           1           0  0.23s           2025-02-21T03:29:26                      12
================================================================================
[2025-02-21T03:30:21.816+0000] {manager.py:997} INFO - 
================================================================================
DAG File Processing Stats

File Path                        PID    Runtime      # DAGs    # Errors  Last Runtime    Last Run               Last # of DB Queries
-------------------------------  -----  ---------  --------  ----------  --------------  -------------------  ----------------------
/opt/airflow/dags/reddit_dag.py                           1           0  0.35s           2025-02-21T03:29:56                      12
================================================================================
[2025-02-21T03:30:52.118+0000] {manager.py:997} INFO - 
================================================================================
DAG File Processing Stats

File Path                        PID    Runtime      # DAGs    # Errors  Last Runtime    Last Run               Last # of DB Queries
-------------------------------  -----  ---------  --------  ----------  --------------  -------------------  ----------------------
/opt/airflow/dags/reddit_dag.py                           1           0  0.20s           2025-02-21T03:30:27                      12
================================================================================
[2025-02-21T03:31:22.642+0000] {manager.py:997} INFO - 
================================================================================
DAG File Processing Stats

File Path                        PID    Runtime      # DAGs    # Errors  Last Runtime    Last Run               Last # of DB Queries
-------------------------------  -----  ---------  --------  ----------  --------------  -------------------  ----------------------
/opt/airflow/dags/reddit_dag.py                           1           0  0.20s           2025-02-21T03:30:57                      12
================================================================================
[2025-02-21T03:31:53.001+0000] {manager.py:997} INFO - 
================================================================================
DAG File Processing Stats

File Path                        PID    Runtime      # DAGs    # Errors  Last Runtime    Last Run               Last # of DB Queries
-------------------------------  -----  ---------  --------  ----------  --------------  -------------------  ----------------------
/opt/airflow/dags/reddit_dag.py                           1           0  0.19s           2025-02-21T03:31:27                      12
================================================================================
[2025-02-21T03:31:54.008+0000] {manager.py:821} INFO - Searching for files in /opt/airflow/dags
[2025-02-21T03:31:54.014+0000] {manager.py:824} INFO - There are 1 files in /opt/airflow/dags
[2025-02-21T03:32:23.466+0000] {manager.py:997} INFO - 
================================================================================
DAG File Processing Stats

File Path                        PID    Runtime      # DAGs    # Errors  Last Runtime    Last Run               Last # of DB Queries
-------------------------------  -----  ---------  --------  ----------  --------------  -------------------  ----------------------
/opt/airflow/dags/reddit_dag.py                           1           0  0.19s           2025-02-21T03:31:58                      12
================================================================================
[2025-02-21T03:32:53.825+0000] {manager.py:997} INFO - 
================================================================================
DAG File Processing Stats

File Path                        PID    Runtime      # DAGs    # Errors  Last Runtime    Last Run               Last # of DB Queries
-------------------------------  -----  ---------  --------  ----------  --------------  -------------------  ----------------------
/opt/airflow/dags/reddit_dag.py                           1           0  0.27s           2025-02-21T03:32:28                      12
================================================================================
[2025-02-21T03:33:24.254+0000] {manager.py:997} INFO - 
================================================================================
DAG File Processing Stats

File Path                        PID    Runtime      # DAGs    # Errors  Last Runtime    Last Run               Last # of DB Queries
-------------------------------  -----  ---------  --------  ----------  --------------  -------------------  ----------------------
/opt/airflow/dags/reddit_dag.py                           1           0  0.19s           2025-02-21T03:32:59                      12
================================================================================
[2025-02-21T03:33:54.707+0000] {manager.py:997} INFO - 
================================================================================
DAG File Processing Stats

File Path                        PID    Runtime      # DAGs    # Errors  Last Runtime    Last Run               Last # of DB Queries
-------------------------------  -----  ---------  --------  ----------  --------------  -------------------  ----------------------
/opt/airflow/dags/reddit_dag.py                           1           0  0.22s           2025-02-21T03:33:29                      12
================================================================================
[2025-02-21T03:34:25.128+0000] {manager.py:997} INFO - 
================================================================================
DAG File Processing Stats

File Path                        PID    Runtime      # DAGs    # Errors  Last Runtime    Last Run               Last # of DB Queries
-------------------------------  -----  ---------  --------  ----------  --------------  -------------------  ----------------------
/opt/airflow/dags/reddit_dag.py                           1           0  0.17s           2025-02-21T03:33:59                      12
================================================================================
[2025-02-21T03:34:55.614+0000] {manager.py:997} INFO - 
================================================================================
DAG File Processing Stats

File Path                        PID    Runtime      # DAGs    # Errors  Last Runtime    Last Run               Last # of DB Queries
-------------------------------  -----  ---------  --------  ----------  --------------  -------------------  ----------------------
/opt/airflow/dags/reddit_dag.py                           1           0  0.25s           2025-02-21T03:34:30                      12
================================================================================
[2025-02-21T03:35:26.153+0000] {manager.py:997} INFO - 
================================================================================
DAG File Processing Stats

File Path                        PID    Runtime      # DAGs    # Errors  Last Runtime    Last Run               Last # of DB Queries
-------------------------------  -----  ---------  --------  ----------  --------------  -------------------  ----------------------
/opt/airflow/dags/reddit_dag.py                           1           0  0.20s           2025-02-21T03:35:00                      12
================================================================================
[2025-02-21T03:35:56.535+0000] {manager.py:997} INFO - 
================================================================================
DAG File Processing Stats

File Path                        PID    Runtime      # DAGs    # Errors  Last Runtime    Last Run               Last # of DB Queries
-------------------------------  -----  ---------  --------  ----------  --------------  -------------------  ----------------------
/opt/airflow/dags/reddit_dag.py                           1           0  0.25s           2025-02-21T03:35:31                      12
================================================================================
[2025-02-21T03:36:26.932+0000] {manager.py:997} INFO - 
================================================================================
DAG File Processing Stats

File Path                        PID    Runtime      # DAGs    # Errors  Last Runtime    Last Run               Last # of DB Queries
-------------------------------  -----  ---------  --------  ----------  --------------  -------------------  ----------------------
/opt/airflow/dags/reddit_dag.py                           1           0  0.18s           2025-02-21T03:36:01                      12
================================================================================
[2025-02-21T03:36:54.437+0000] {manager.py:821} INFO - Searching for files in /opt/airflow/dags
[2025-02-21T03:36:54.448+0000] {manager.py:824} INFO - There are 1 files in /opt/airflow/dags
[2025-02-21T03:36:57.503+0000] {manager.py:997} INFO - 
================================================================================
DAG File Processing Stats

File Path                        PID    Runtime      # DAGs    # Errors  Last Runtime    Last Run               Last # of DB Queries
-------------------------------  -----  ---------  --------  ----------  --------------  -------------------  ----------------------
/opt/airflow/dags/reddit_dag.py                           1           0  0.19s           2025-02-21T03:36:32                      12
================================================================================
[2025-02-21T03:37:27.875+0000] {manager.py:997} INFO - 
================================================================================
DAG File Processing Stats

File Path                        PID    Runtime      # DAGs    # Errors  Last Runtime    Last Run               Last # of DB Queries
-------------------------------  -----  ---------  --------  ----------  --------------  -------------------  ----------------------
/opt/airflow/dags/reddit_dag.py                           1           0  0.19s           2025-02-21T03:37:02                      12
================================================================================
[2025-02-21T03:37:58.399+0000] {manager.py:997} INFO - 
================================================================================
DAG File Processing Stats

File Path                        PID    Runtime      # DAGs    # Errors  Last Runtime    Last Run               Last # of DB Queries
-------------------------------  -----  ---------  --------  ----------  --------------  -------------------  ----------------------
/opt/airflow/dags/reddit_dag.py                           1           0  0.23s           2025-02-21T03:37:33                      12
================================================================================
[2025-02-21T03:38:28.803+0000] {manager.py:997} INFO - 
================================================================================
DAG File Processing Stats

File Path                        PID    Runtime      # DAGs    # Errors  Last Runtime    Last Run               Last # of DB Queries
-------------------------------  -----  ---------  --------  ----------  --------------  -------------------  ----------------------
/opt/airflow/dags/reddit_dag.py                           1           0  0.18s           2025-02-21T03:38:03                      12
================================================================================
[2025-02-21T03:38:59.285+0000] {manager.py:997} INFO - 
================================================================================
DAG File Processing Stats

File Path                        PID    Runtime      # DAGs    # Errors  Last Runtime    Last Run               Last # of DB Queries
-------------------------------  -----  ---------  --------  ----------  --------------  -------------------  ----------------------
/opt/airflow/dags/reddit_dag.py                           1           0  0.19s           2025-02-21T03:38:34                      12
================================================================================
[2025-02-21T03:39:29.666+0000] {manager.py:997} INFO - 
================================================================================
DAG File Processing Stats

File Path                        PID    Runtime      # DAGs    # Errors  Last Runtime    Last Run               Last # of DB Queries
-------------------------------  -----  ---------  --------  ----------  --------------  -------------------  ----------------------
/opt/airflow/dags/reddit_dag.py                           1           0  0.20s           2025-02-21T03:39:04                      12
================================================================================
[2025-02-21T03:40:00.072+0000] {manager.py:997} INFO - 
================================================================================
DAG File Processing Stats

File Path                        PID    Runtime      # DAGs    # Errors  Last Runtime    Last Run               Last # of DB Queries
-------------------------------  -----  ---------  --------  ----------  --------------  -------------------  ----------------------
/opt/airflow/dags/reddit_dag.py                           1           0  0.18s           2025-02-21T03:39:34                      12
================================================================================
[2025-02-21T03:40:30.517+0000] {manager.py:997} INFO - 
================================================================================
DAG File Processing Stats

File Path                        PID    Runtime      # DAGs    # Errors  Last Runtime    Last Run               Last # of DB Queries
-------------------------------  -----  ---------  --------  ----------  --------------  -------------------  ----------------------
/opt/airflow/dags/reddit_dag.py                           1           0  0.18s           2025-02-21T03:40:05                      12
================================================================================
[2025-02-21T03:41:00.915+0000] {manager.py:997} INFO - 
================================================================================
DAG File Processing Stats

File Path                        PID    Runtime      # DAGs    # Errors  Last Runtime    Last Run               Last # of DB Queries
-------------------------------  -----  ---------  --------  ----------  --------------  -------------------  ----------------------
/opt/airflow/dags/reddit_dag.py                           1           0  0.21s           2025-02-21T03:40:35                      12
================================================================================
[2025-02-21T03:41:31.457+0000] {manager.py:997} INFO - 
================================================================================
DAG File Processing Stats

File Path                        PID    Runtime      # DAGs    # Errors  Last Runtime    Last Run               Last # of DB Queries
-------------------------------  -----  ---------  --------  ----------  --------------  -------------------  ----------------------
/opt/airflow/dags/reddit_dag.py                           1           0  0.18s           2025-02-21T03:41:06                      12
================================================================================
[2025-02-21T03:41:54.725+0000] {manager.py:821} INFO - Searching for files in /opt/airflow/dags
[2025-02-21T03:41:54.734+0000] {manager.py:824} INFO - There are 1 files in /opt/airflow/dags
[2025-02-21T03:42:01.823+0000] {manager.py:997} INFO - 
================================================================================
DAG File Processing Stats

File Path                        PID    Runtime      # DAGs    # Errors  Last Runtime    Last Run               Last # of DB Queries
-------------------------------  -----  ---------  --------  ----------  --------------  -------------------  ----------------------
/opt/airflow/dags/reddit_dag.py                           1           0  0.18s           2025-02-21T03:41:36                      12
================================================================================
[2025-02-21T03:42:32.328+0000] {manager.py:997} INFO - 
================================================================================
DAG File Processing Stats

File Path                        PID    Runtime      # DAGs    # Errors  Last Runtime    Last Run               Last # of DB Queries
-------------------------------  -----  ---------  --------  ----------  --------------  -------------------  ----------------------
/opt/airflow/dags/reddit_dag.py                           1           0  0.17s           2025-02-21T03:42:07                      12
================================================================================
[2025-02-21T03:43:02.689+0000] {manager.py:997} INFO - 
================================================================================
DAG File Processing Stats

File Path                        PID    Runtime      # DAGs    # Errors  Last Runtime    Last Run               Last # of DB Queries
-------------------------------  -----  ---------  --------  ----------  --------------  -------------------  ----------------------
/opt/airflow/dags/reddit_dag.py                           1           0  0.26s           2025-02-21T03:42:37                      12
================================================================================
[2025-02-21T03:43:33.256+0000] {manager.py:997} INFO - 
================================================================================
DAG File Processing Stats

File Path                        PID    Runtime      # DAGs    # Errors  Last Runtime    Last Run               Last # of DB Queries
-------------------------------  -----  ---------  --------  ----------  --------------  -------------------  ----------------------
/opt/airflow/dags/reddit_dag.py                           1           0  0.19s           2025-02-21T03:43:07                      12
================================================================================
[2025-02-21T03:44:03.654+0000] {manager.py:997} INFO - 
================================================================================
DAG File Processing Stats

File Path                        PID    Runtime      # DAGs    # Errors  Last Runtime    Last Run               Last # of DB Queries
-------------------------------  -----  ---------  --------  ----------  --------------  -------------------  ----------------------
/opt/airflow/dags/reddit_dag.py                           1           0  0.20s           2025-02-21T03:43:38                      12
================================================================================
[2025-02-21T03:44:34.110+0000] {manager.py:997} INFO - 
================================================================================
DAG File Processing Stats

File Path                        PID    Runtime      # DAGs    # Errors  Last Runtime    Last Run               Last # of DB Queries
-------------------------------  -----  ---------  --------  ----------  --------------  -------------------  ----------------------
/opt/airflow/dags/reddit_dag.py                           1           0  0.18s           2025-02-21T03:44:08                      12
================================================================================
[2025-02-21T03:45:04.537+0000] {manager.py:997} INFO - 
================================================================================
DAG File Processing Stats

File Path                        PID    Runtime      # DAGs    # Errors  Last Runtime    Last Run               Last # of DB Queries
-------------------------------  -----  ---------  --------  ----------  --------------  -------------------  ----------------------
/opt/airflow/dags/reddit_dag.py                           1           0  0.20s           2025-02-21T03:44:39                      12
================================================================================
[2025-02-21T03:45:34.863+0000] {manager.py:997} INFO - 
================================================================================
DAG File Processing Stats

File Path                        PID    Runtime      # DAGs    # Errors  Last Runtime    Last Run               Last # of DB Queries
-------------------------------  -----  ---------  --------  ----------  --------------  -------------------  ----------------------
/opt/airflow/dags/reddit_dag.py                           1           0  0.21s           2025-02-21T03:45:09                      12
================================================================================
[2025-02-21T03:46:05.376+0000] {manager.py:997} INFO - 
================================================================================
DAG File Processing Stats

File Path                        PID    Runtime      # DAGs    # Errors  Last Runtime    Last Run               Last # of DB Queries
-------------------------------  -----  ---------  --------  ----------  --------------  -------------------  ----------------------
/opt/airflow/dags/reddit_dag.py                           1           0  0.28s           2025-02-21T03:45:40                      12
================================================================================
[2025-02-21T03:46:35.718+0000] {manager.py:997} INFO - 
================================================================================
DAG File Processing Stats

File Path                        PID    Runtime      # DAGs    # Errors  Last Runtime    Last Run               Last # of DB Queries
-------------------------------  -----  ---------  --------  ----------  --------------  -------------------  ----------------------
/opt/airflow/dags/reddit_dag.py                           1           0  0.18s           2025-02-21T03:46:10                      12
================================================================================
[2025-02-21T03:46:55.009+0000] {manager.py:821} INFO - Searching for files in /opt/airflow/dags
[2025-02-21T03:46:55.015+0000] {manager.py:824} INFO - There are 1 files in /opt/airflow/dags
[2025-02-21T03:47:06.143+0000] {manager.py:997} INFO - 
================================================================================
DAG File Processing Stats

File Path                        PID    Runtime      # DAGs    # Errors  Last Runtime    Last Run               Last # of DB Queries
-------------------------------  -----  ---------  --------  ----------  --------------  -------------------  ----------------------
/opt/airflow/dags/reddit_dag.py                           1           0  0.22s           2025-02-21T03:46:40                      12
================================================================================
[2025-02-21T03:47:36.555+0000] {manager.py:997} INFO - 
================================================================================
DAG File Processing Stats

File Path                        PID    Runtime      # DAGs    # Errors  Last Runtime    Last Run               Last # of DB Queries
-------------------------------  -----  ---------  --------  ----------  --------------  -------------------  ----------------------
/opt/airflow/dags/reddit_dag.py                           1           0  0.19s           2025-02-21T03:47:11                      12
================================================================================
[2025-02-21T03:48:06.942+0000] {manager.py:997} INFO - 
================================================================================
DAG File Processing Stats

File Path                        PID    Runtime      # DAGs    # Errors  Last Runtime    Last Run               Last # of DB Queries
-------------------------------  -----  ---------  --------  ----------  --------------  -------------------  ----------------------
/opt/airflow/dags/reddit_dag.py                           1           0  0.22s           2025-02-21T03:47:41                      12
================================================================================
[2025-02-21T03:48:37.461+0000] {manager.py:997} INFO - 
================================================================================
DAG File Processing Stats

File Path                        PID    Runtime      # DAGs    # Errors  Last Runtime    Last Run               Last # of DB Queries
-------------------------------  -----  ---------  --------  ----------  --------------  -------------------  ----------------------
/opt/airflow/dags/reddit_dag.py                           1           0  0.17s           2025-02-21T03:48:12                      12
================================================================================
[2025-02-21T03:49:07.843+0000] {manager.py:997} INFO - 
================================================================================
DAG File Processing Stats

File Path                        PID    Runtime      # DAGs    # Errors  Last Runtime    Last Run               Last # of DB Queries
-------------------------------  -----  ---------  --------  ----------  --------------  -------------------  ----------------------
/opt/airflow/dags/reddit_dag.py                           1           0  0.21s           2025-02-21T03:48:42                      12
================================================================================
[2025-02-21T03:49:38.271+0000] {manager.py:997} INFO - 
================================================================================
DAG File Processing Stats

File Path                        PID    Runtime      # DAGs    # Errors  Last Runtime    Last Run               Last # of DB Queries
-------------------------------  -----  ---------  --------  ----------  --------------  -------------------  ----------------------
/opt/airflow/dags/reddit_dag.py                           1           0  0.22s           2025-02-21T03:49:13                      12
================================================================================
[2025-02-21T03:50:08.747+0000] {manager.py:997} INFO - 
================================================================================
DAG File Processing Stats

File Path                        PID    Runtime      # DAGs    # Errors  Last Runtime    Last Run               Last # of DB Queries
-------------------------------  -----  ---------  --------  ----------  --------------  -------------------  ----------------------
/opt/airflow/dags/reddit_dag.py                           1           0  0.20s           2025-02-21T03:49:43                      12
================================================================================
[2025-02-21T03:50:39.200+0000] {manager.py:997} INFO - 
================================================================================
DAG File Processing Stats

File Path                        PID    Runtime      # DAGs    # Errors  Last Runtime    Last Run               Last # of DB Queries
-------------------------------  -----  ---------  --------  ----------  --------------  -------------------  ----------------------
/opt/airflow/dags/reddit_dag.py                           1           0  0.21s           2025-02-21T03:50:14                      12
================================================================================
[2025-02-21T03:51:09.644+0000] {manager.py:997} INFO - 
================================================================================
DAG File Processing Stats

File Path                        PID    Runtime      # DAGs    # Errors  Last Runtime    Last Run               Last # of DB Queries
-------------------------------  -----  ---------  --------  ----------  --------------  -------------------  ----------------------
/opt/airflow/dags/reddit_dag.py                           1           0  0.24s           2025-02-21T03:50:44                      12
================================================================================
[2025-02-21T03:51:40.068+0000] {manager.py:997} INFO - 
================================================================================
DAG File Processing Stats

File Path                        PID    Runtime      # DAGs    # Errors  Last Runtime    Last Run               Last # of DB Queries
-------------------------------  -----  ---------  --------  ----------  --------------  -------------------  ----------------------
/opt/airflow/dags/reddit_dag.py                           1           0  0.19s           2025-02-21T03:51:14                      12
================================================================================
[2025-02-21T03:51:55.324+0000] {manager.py:821} INFO - Searching for files in /opt/airflow/dags
[2025-02-21T03:51:55.330+0000] {manager.py:824} INFO - There are 1 files in /opt/airflow/dags
[2025-02-21T03:52:10.494+0000] {manager.py:997} INFO - 
================================================================================
DAG File Processing Stats

File Path                        PID    Runtime      # DAGs    # Errors  Last Runtime    Last Run               Last # of DB Queries
-------------------------------  -----  ---------  --------  ----------  --------------  -------------------  ----------------------
/opt/airflow/dags/reddit_dag.py                           1           0  0.23s           2025-02-21T03:51:45                      12
================================================================================
[2025-02-21T03:52:40.853+0000] {manager.py:997} INFO - 
================================================================================
DAG File Processing Stats

File Path                        PID    Runtime      # DAGs    # Errors  Last Runtime    Last Run               Last # of DB Queries
-------------------------------  -----  ---------  --------  ----------  --------------  -------------------  ----------------------
/opt/airflow/dags/reddit_dag.py                           1           0  0.20s           2025-02-21T03:52:15                      12
================================================================================
[2025-02-21T03:53:11.386+0000] {manager.py:997} INFO - 
================================================================================
DAG File Processing Stats

File Path                        PID    Runtime      # DAGs    # Errors  Last Runtime    Last Run               Last # of DB Queries
-------------------------------  -----  ---------  --------  ----------  --------------  -------------------  ----------------------
/opt/airflow/dags/reddit_dag.py                           1           0  0.17s           2025-02-21T03:52:46                      12
================================================================================
[2025-02-21T03:53:41.752+0000] {manager.py:997} INFO - 
================================================================================
DAG File Processing Stats

File Path                        PID    Runtime      # DAGs    # Errors  Last Runtime    Last Run               Last # of DB Queries
-------------------------------  -----  ---------  --------  ----------  --------------  -------------------  ----------------------
/opt/airflow/dags/reddit_dag.py                           1           0  0.21s           2025-02-21T03:53:16                      12
================================================================================
[2025-02-21T03:54:12.239+0000] {manager.py:997} INFO - 
================================================================================
DAG File Processing Stats

File Path                        PID    Runtime      # DAGs    # Errors  Last Runtime    Last Run               Last # of DB Queries
-------------------------------  -----  ---------  --------  ----------  --------------  -------------------  ----------------------
/opt/airflow/dags/reddit_dag.py                           1           0  0.18s           2025-02-21T03:53:47                      12
================================================================================
[2025-02-21T03:54:42.731+0000] {manager.py:997} INFO - 
================================================================================
DAG File Processing Stats

File Path                        PID    Runtime      # DAGs    # Errors  Last Runtime    Last Run               Last # of DB Queries
-------------------------------  -----  ---------  --------  ----------  --------------  -------------------  ----------------------
/opt/airflow/dags/reddit_dag.py                           1           0  0.18s           2025-02-21T03:54:17                      12
================================================================================
[2025-02-21T03:55:13.128+0000] {manager.py:997} INFO - 
================================================================================
DAG File Processing Stats

File Path                        PID    Runtime      # DAGs    # Errors  Last Runtime    Last Run               Last # of DB Queries
-------------------------------  -----  ---------  --------  ----------  --------------  -------------------  ----------------------
/opt/airflow/dags/reddit_dag.py                           1           0  0.20s           2025-02-21T03:54:48                      12
================================================================================
[2025-02-21T03:55:43.614+0000] {manager.py:997} INFO - 
================================================================================
DAG File Processing Stats

File Path                        PID    Runtime      # DAGs    # Errors  Last Runtime    Last Run               Last # of DB Queries
-------------------------------  -----  ---------  --------  ----------  --------------  -------------------  ----------------------
/opt/airflow/dags/reddit_dag.py                           1           0  0.22s           2025-02-21T03:55:18                      12
================================================================================
[2025-02-21T03:56:13.955+0000] {manager.py:997} INFO - 
================================================================================
DAG File Processing Stats

File Path                        PID    Runtime      # DAGs    # Errors  Last Runtime    Last Run               Last # of DB Queries
-------------------------------  -----  ---------  --------  ----------  --------------  -------------------  ----------------------
/opt/airflow/dags/reddit_dag.py                           1           0  0.22s           2025-02-21T03:55:48                      12
================================================================================
[2025-02-21T03:56:44.529+0000] {manager.py:997} INFO - 
================================================================================
DAG File Processing Stats

File Path                        PID    Runtime      # DAGs    # Errors  Last Runtime    Last Run               Last # of DB Queries
-------------------------------  -----  ---------  --------  ----------  --------------  -------------------  ----------------------
/opt/airflow/dags/reddit_dag.py                           1           0  0.28s           2025-02-21T03:56:19                      12
================================================================================
[2025-02-21T03:56:55.675+0000] {manager.py:821} INFO - Searching for files in /opt/airflow/dags
[2025-02-21T03:56:55.685+0000] {manager.py:824} INFO - There are 1 files in /opt/airflow/dags
[2025-02-21T03:57:14.933+0000] {manager.py:997} INFO - 
================================================================================
DAG File Processing Stats

File Path                        PID    Runtime      # DAGs    # Errors  Last Runtime    Last Run               Last # of DB Queries
-------------------------------  -----  ---------  --------  ----------  --------------  -------------------  ----------------------
/opt/airflow/dags/reddit_dag.py                           1           0  0.20s           2025-02-21T03:56:49                      12
================================================================================
[2025-02-21T03:57:45.392+0000] {manager.py:997} INFO - 
================================================================================
DAG File Processing Stats

File Path                        PID    Runtime      # DAGs    # Errors  Last Runtime    Last Run               Last # of DB Queries
-------------------------------  -----  ---------  --------  ----------  --------------  -------------------  ----------------------
/opt/airflow/dags/reddit_dag.py                           1           0  0.22s           2025-02-21T03:57:20                      12
================================================================================
[2025-02-21T03:58:15.938+0000] {manager.py:997} INFO - 
================================================================================
DAG File Processing Stats

File Path                        PID    Runtime      # DAGs    # Errors  Last Runtime    Last Run               Last # of DB Queries
-------------------------------  -----  ---------  --------  ----------  --------------  -------------------  ----------------------
/opt/airflow/dags/reddit_dag.py                           1           0  0.26s           2025-02-21T03:57:50                      12
================================================================================
[2025-02-21T03:58:46.410+0000] {manager.py:997} INFO - 
================================================================================
DAG File Processing Stats

File Path                        PID    Runtime      # DAGs    # Errors  Last Runtime    Last Run               Last # of DB Queries
-------------------------------  -----  ---------  --------  ----------  --------------  -------------------  ----------------------
/opt/airflow/dags/reddit_dag.py                           1           0  0.23s           2025-02-21T03:58:21                      12
================================================================================
[2025-02-21T03:59:16.849+0000] {manager.py:997} INFO - 
================================================================================
DAG File Processing Stats

File Path                        PID    Runtime      # DAGs    # Errors  Last Runtime    Last Run               Last # of DB Queries
-------------------------------  -----  ---------  --------  ----------  --------------  -------------------  ----------------------
/opt/airflow/dags/reddit_dag.py                           1           0  0.19s           2025-02-21T03:58:51                      12
================================================================================
[2025-02-21T03:59:47.295+0000] {manager.py:997} INFO - 
================================================================================
DAG File Processing Stats

File Path                        PID    Runtime      # DAGs    # Errors  Last Runtime    Last Run               Last # of DB Queries
-------------------------------  -----  ---------  --------  ----------  --------------  -------------------  ----------------------
/opt/airflow/dags/reddit_dag.py                           1           0  0.20s           2025-02-21T03:59:22                      12
================================================================================
[2025-02-21T04:00:17.778+0000] {manager.py:997} INFO - 
================================================================================
DAG File Processing Stats

File Path                        PID    Runtime      # DAGs    # Errors  Last Runtime    Last Run               Last # of DB Queries
-------------------------------  -----  ---------  --------  ----------  --------------  -------------------  ----------------------
/opt/airflow/dags/reddit_dag.py                           1           0  0.20s           2025-02-21T03:59:52                      12
================================================================================
[2025-02-21T04:00:48.173+0000] {manager.py:997} INFO - 
================================================================================
DAG File Processing Stats

File Path                        PID    Runtime      # DAGs    # Errors  Last Runtime    Last Run               Last # of DB Queries
-------------------------------  -----  ---------  --------  ----------  --------------  -------------------  ----------------------
/opt/airflow/dags/reddit_dag.py                           1           0  0.27s           2025-02-21T04:00:23                      12
================================================================================
[2025-02-21T04:01:18.514+0000] {manager.py:997} INFO - 
================================================================================
DAG File Processing Stats

File Path                        PID    Runtime      # DAGs    # Errors  Last Runtime    Last Run               Last # of DB Queries
-------------------------------  -----  ---------  --------  ----------  --------------  -------------------  ----------------------
/opt/airflow/dags/reddit_dag.py                           1           0  0.20s           2025-02-21T04:00:53                      12
================================================================================
[2025-02-21T04:01:48.989+0000] {manager.py:997} INFO - 
================================================================================
DAG File Processing Stats

File Path                        PID    Runtime      # DAGs    # Errors  Last Runtime    Last Run               Last # of DB Queries
-------------------------------  -----  ---------  --------  ----------  --------------  -------------------  ----------------------
/opt/airflow/dags/reddit_dag.py                           1           0  0.23s           2025-02-21T04:01:23                      12
================================================================================
[2025-02-21T04:01:56.099+0000] {manager.py:821} INFO - Searching for files in /opt/airflow/dags
[2025-02-21T04:01:56.106+0000] {manager.py:824} INFO - There are 1 files in /opt/airflow/dags
[2025-02-21T04:02:19.360+0000] {manager.py:997} INFO - 
================================================================================
DAG File Processing Stats

File Path                        PID    Runtime      # DAGs    # Errors  Last Runtime    Last Run               Last # of DB Queries
-------------------------------  -----  ---------  --------  ----------  --------------  -------------------  ----------------------
/opt/airflow/dags/reddit_dag.py                           1           0  0.21s           2025-02-21T04:01:54                      12
================================================================================
[2025-02-21T04:02:49.914+0000] {manager.py:997} INFO - 
================================================================================
DAG File Processing Stats

File Path                        PID    Runtime      # DAGs    # Errors  Last Runtime    Last Run               Last # of DB Queries
-------------------------------  -----  ---------  --------  ----------  --------------  -------------------  ----------------------
/opt/airflow/dags/reddit_dag.py                           1           0  0.22s           2025-02-21T04:02:24                      12
================================================================================
[2025-02-21T04:03:20.322+0000] {manager.py:997} INFO - 
================================================================================
DAG File Processing Stats

File Path                        PID    Runtime      # DAGs    # Errors  Last Runtime    Last Run               Last # of DB Queries
-------------------------------  -----  ---------  --------  ----------  --------------  -------------------  ----------------------
/opt/airflow/dags/reddit_dag.py                           1           0  0.18s           2025-02-21T04:02:55                      12
================================================================================
[2025-02-21T04:03:50.837+0000] {manager.py:997} INFO - 
================================================================================
DAG File Processing Stats

File Path                        PID    Runtime      # DAGs    # Errors  Last Runtime    Last Run               Last # of DB Queries
-------------------------------  -----  ---------  --------  ----------  --------------  -------------------  ----------------------
/opt/airflow/dags/reddit_dag.py                           1           0  0.24s           2025-02-21T04:03:25                      12
================================================================================
[2025-02-21T04:04:21.261+0000] {manager.py:997} INFO - 
================================================================================
DAG File Processing Stats

File Path                        PID    Runtime      # DAGs    # Errors  Last Runtime    Last Run               Last # of DB Queries
-------------------------------  -----  ---------  --------  ----------  --------------  -------------------  ----------------------
/opt/airflow/dags/reddit_dag.py                           1           0  0.19s           2025-02-21T04:03:56                      12
================================================================================
[2025-02-21T04:04:51.781+0000] {manager.py:997} INFO - 
================================================================================
DAG File Processing Stats

File Path                        PID    Runtime      # DAGs    # Errors  Last Runtime    Last Run               Last # of DB Queries
-------------------------------  -----  ---------  --------  ----------  --------------  -------------------  ----------------------
/opt/airflow/dags/reddit_dag.py                           1           0  0.18s           2025-02-21T04:04:26                      12
================================================================================
[2025-02-21T04:05:22.130+0000] {manager.py:997} INFO - 
================================================================================
DAG File Processing Stats

File Path                        PID    Runtime      # DAGs    # Errors  Last Runtime    Last Run               Last # of DB Queries
-------------------------------  -----  ---------  --------  ----------  --------------  -------------------  ----------------------
/opt/airflow/dags/reddit_dag.py                           1           0  0.23s           2025-02-21T04:04:57                      12
================================================================================
[2025-02-21T04:05:52.718+0000] {manager.py:997} INFO - 
================================================================================
DAG File Processing Stats

File Path                        PID    Runtime      # DAGs    # Errors  Last Runtime    Last Run               Last # of DB Queries
-------------------------------  -----  ---------  --------  ----------  --------------  -------------------  ----------------------
/opt/airflow/dags/reddit_dag.py                           1           0  0.21s           2025-02-21T04:05:27                      12
================================================================================
[2025-02-21T04:06:23.097+0000] {manager.py:997} INFO - 
================================================================================
DAG File Processing Stats

File Path                        PID    Runtime      # DAGs    # Errors  Last Runtime    Last Run               Last # of DB Queries
-------------------------------  -----  ---------  --------  ----------  --------------  -------------------  ----------------------
/opt/airflow/dags/reddit_dag.py                           1           0  0.23s           2025-02-21T04:05:58                      12
================================================================================
[2025-02-21T04:06:53.625+0000] {manager.py:997} INFO - 
================================================================================
DAG File Processing Stats

File Path                        PID    Runtime      # DAGs    # Errors  Last Runtime    Last Run               Last # of DB Queries
-------------------------------  -----  ---------  --------  ----------  --------------  -------------------  ----------------------
/opt/airflow/dags/reddit_dag.py                           1           0  0.36s           2025-02-21T04:06:28                      12
================================================================================
[2025-02-21T04:06:56.666+0000] {manager.py:821} INFO - Searching for files in /opt/airflow/dags
[2025-02-21T04:06:56.675+0000] {manager.py:824} INFO - There are 1 files in /opt/airflow/dags
[2025-02-21T04:07:24.122+0000] {manager.py:997} INFO - 
================================================================================
DAG File Processing Stats

File Path                        PID    Runtime      # DAGs    # Errors  Last Runtime    Last Run               Last # of DB Queries
-------------------------------  -----  ---------  --------  ----------  --------------  -------------------  ----------------------
/opt/airflow/dags/reddit_dag.py                           1           0  0.17s           2025-02-21T04:06:58                      12
================================================================================
[2025-02-21T04:07:54.514+0000] {manager.py:997} INFO - 
================================================================================
DAG File Processing Stats

File Path                        PID    Runtime      # DAGs    # Errors  Last Runtime    Last Run               Last # of DB Queries
-------------------------------  -----  ---------  --------  ----------  --------------  -------------------  ----------------------
/opt/airflow/dags/reddit_dag.py                           1           0  0.35s           2025-02-21T04:07:29                      12
================================================================================
[2025-02-21T04:08:24.901+0000] {manager.py:997} INFO - 
================================================================================
DAG File Processing Stats

File Path                        PID    Runtime      # DAGs    # Errors  Last Runtime    Last Run               Last # of DB Queries
-------------------------------  -----  ---------  --------  ----------  --------------  -------------------  ----------------------
/opt/airflow/dags/reddit_dag.py                           1           0  0.18s           2025-02-21T04:07:59                      12
================================================================================
[2025-02-21T04:08:55.453+0000] {manager.py:997} INFO - 
================================================================================
DAG File Processing Stats

File Path                        PID    Runtime      # DAGs    # Errors  Last Runtime    Last Run               Last # of DB Queries
-------------------------------  -----  ---------  --------  ----------  --------------  -------------------  ----------------------
/opt/airflow/dags/reddit_dag.py                           1           0  0.24s           2025-02-21T04:08:30                      12
================================================================================
[2025-02-21T04:09:25.863+0000] {manager.py:997} INFO - 
================================================================================
DAG File Processing Stats

File Path                        PID    Runtime      # DAGs    # Errors  Last Runtime    Last Run               Last # of DB Queries
-------------------------------  -----  ---------  --------  ----------  --------------  -------------------  ----------------------
/opt/airflow/dags/reddit_dag.py                           1           0  0.19s           2025-02-21T04:09:00                      12
================================================================================
[2025-02-21T04:09:56.362+0000] {manager.py:997} INFO - 
================================================================================
DAG File Processing Stats

File Path                        PID    Runtime      # DAGs    # Errors  Last Runtime    Last Run               Last # of DB Queries
-------------------------------  -----  ---------  --------  ----------  --------------  -------------------  ----------------------
/opt/airflow/dags/reddit_dag.py                           1           0  0.19s           2025-02-21T04:09:31                      12
================================================================================
[2025-02-21T04:10:26.847+0000] {manager.py:997} INFO - 
================================================================================
DAG File Processing Stats

File Path                        PID    Runtime      # DAGs    # Errors  Last Runtime    Last Run               Last # of DB Queries
-------------------------------  -----  ---------  --------  ----------  --------------  -------------------  ----------------------
/opt/airflow/dags/reddit_dag.py                           1           0  0.26s           2025-02-21T04:10:01                      12
================================================================================
[2025-02-21T04:10:57.236+0000] {manager.py:997} INFO - 
================================================================================
DAG File Processing Stats

File Path                        PID    Runtime      # DAGs    # Errors  Last Runtime    Last Run               Last # of DB Queries
-------------------------------  -----  ---------  --------  ----------  --------------  -------------------  ----------------------
/opt/airflow/dags/reddit_dag.py                           1           0  0.22s           2025-02-21T04:10:32                      12
================================================================================
[2025-02-21T04:11:27.755+0000] {manager.py:997} INFO - 
================================================================================
DAG File Processing Stats

File Path                        PID    Runtime      # DAGs    # Errors  Last Runtime    Last Run               Last # of DB Queries
-------------------------------  -----  ---------  --------  ----------  --------------  -------------------  ----------------------
/opt/airflow/dags/reddit_dag.py                           1           0  0.22s           2025-02-21T04:11:02                      12
================================================================================
[2025-02-21T04:11:57.139+0000] {manager.py:821} INFO - Searching for files in /opt/airflow/dags
[2025-02-21T04:11:57.147+0000] {manager.py:824} INFO - There are 1 files in /opt/airflow/dags
[2025-02-21T04:11:58.173+0000] {manager.py:997} INFO - 
================================================================================
DAG File Processing Stats

File Path                        PID    Runtime      # DAGs    # Errors  Last Runtime    Last Run               Last # of DB Queries
-------------------------------  -----  ---------  --------  ----------  --------------  -------------------  ----------------------
/opt/airflow/dags/reddit_dag.py                           1           0  0.17s           2025-02-21T04:11:33                      12
================================================================================
[2025-02-21T04:12:28.666+0000] {manager.py:997} INFO - 
================================================================================
DAG File Processing Stats

File Path                        PID    Runtime      # DAGs    # Errors  Last Runtime    Last Run               Last # of DB Queries
-------------------------------  -----  ---------  --------  ----------  --------------  -------------------  ----------------------
/opt/airflow/dags/reddit_dag.py                           1           0  0.16s           2025-02-21T04:12:03                      12
================================================================================
[2025-02-21T04:12:59.034+0000] {manager.py:997} INFO - 
================================================================================
DAG File Processing Stats

File Path                        PID    Runtime      # DAGs    # Errors  Last Runtime    Last Run               Last # of DB Queries
-------------------------------  -----  ---------  --------  ----------  --------------  -------------------  ----------------------
/opt/airflow/dags/reddit_dag.py                           1           0  0.30s           2025-02-21T04:12:34                      12
================================================================================
[2025-02-21T04:13:29.437+0000] {manager.py:997} INFO - 
================================================================================
DAG File Processing Stats

File Path                        PID    Runtime      # DAGs    # Errors  Last Runtime    Last Run               Last # of DB Queries
-------------------------------  -----  ---------  --------  ----------  --------------  -------------------  ----------------------
/opt/airflow/dags/reddit_dag.py                           1           0  0.20s           2025-02-21T04:13:04                      12
================================================================================
[2025-02-21T04:13:59.834+0000] {manager.py:997} INFO - 
================================================================================
DAG File Processing Stats

File Path                        PID    Runtime      # DAGs    # Errors  Last Runtime    Last Run               Last # of DB Queries
-------------------------------  -----  ---------  --------  ----------  --------------  -------------------  ----------------------
/opt/airflow/dags/reddit_dag.py                           1           0  0.28s           2025-02-21T04:13:34                      12
================================================================================
[2025-02-21T04:14:30.142+0000] {manager.py:997} INFO - 
================================================================================
DAG File Processing Stats

File Path                        PID    Runtime      # DAGs    # Errors  Last Runtime    Last Run               Last # of DB Queries
-------------------------------  -----  ---------  --------  ----------  --------------  -------------------  ----------------------
/opt/airflow/dags/reddit_dag.py                           1           0  0.16s           2025-02-21T04:14:05                      12
================================================================================
[2025-02-21T04:15:00.702+0000] {manager.py:997} INFO - 
================================================================================
DAG File Processing Stats

File Path                        PID    Runtime      # DAGs    # Errors  Last Runtime    Last Run               Last # of DB Queries
-------------------------------  -----  ---------  --------  ----------  --------------  -------------------  ----------------------
/opt/airflow/dags/reddit_dag.py                           1           0  0.25s           2025-02-21T04:14:35                      12
================================================================================
[2025-02-21T04:15:31.116+0000] {manager.py:997} INFO - 
================================================================================
DAG File Processing Stats

File Path                        PID    Runtime      # DAGs    # Errors  Last Runtime    Last Run               Last # of DB Queries
-------------------------------  -----  ---------  --------  ----------  --------------  -------------------  ----------------------
/opt/airflow/dags/reddit_dag.py                           1           0  0.20s           2025-02-21T04:15:05                      12
================================================================================
[2025-02-21T04:16:01.611+0000] {manager.py:997} INFO - 
================================================================================
DAG File Processing Stats

File Path                        PID    Runtime      # DAGs    # Errors  Last Runtime    Last Run               Last # of DB Queries
-------------------------------  -----  ---------  --------  ----------  --------------  -------------------  ----------------------
/opt/airflow/dags/reddit_dag.py                           1           0  0.31s           2025-02-21T04:15:36                      12
================================================================================
[2025-02-21T04:16:32.079+0000] {manager.py:997} INFO - 
================================================================================
DAG File Processing Stats

File Path                        PID    Runtime      # DAGs    # Errors  Last Runtime    Last Run               Last # of DB Queries
-------------------------------  -----  ---------  --------  ----------  --------------  -------------------  ----------------------
/opt/airflow/dags/reddit_dag.py                           1           0  0.17s           2025-02-21T04:16:06                      12
================================================================================
[2025-02-21T04:16:57.375+0000] {manager.py:821} INFO - Searching for files in /opt/airflow/dags
[2025-02-21T04:16:57.382+0000] {manager.py:824} INFO - There are 1 files in /opt/airflow/dags
[2025-02-21T04:17:02.452+0000] {manager.py:997} INFO - 
================================================================================
DAG File Processing Stats

File Path                        PID    Runtime      # DAGs    # Errors  Last Runtime    Last Run               Last # of DB Queries
-------------------------------  -----  ---------  --------  ----------  --------------  -------------------  ----------------------
/opt/airflow/dags/reddit_dag.py                           1           0  0.26s           2025-02-21T04:16:37                      12
================================================================================
[2025-02-21T04:17:32.832+0000] {manager.py:997} INFO - 
================================================================================
DAG File Processing Stats

File Path                        PID    Runtime      # DAGs    # Errors  Last Runtime    Last Run               Last # of DB Queries
-------------------------------  -----  ---------  --------  ----------  --------------  -------------------  ----------------------
/opt/airflow/dags/reddit_dag.py                           1           0  0.22s           2025-02-21T04:17:07                      12
================================================================================
[2025-02-21T04:18:03.204+0000] {manager.py:997} INFO - 
================================================================================
DAG File Processing Stats

File Path                        PID    Runtime      # DAGs    # Errors  Last Runtime    Last Run               Last # of DB Queries
-------------------------------  -----  ---------  --------  ----------  --------------  -------------------  ----------------------
/opt/airflow/dags/reddit_dag.py                           1           0  0.23s           2025-02-21T04:17:38                      12
================================================================================
[2025-02-21T04:18:33.593+0000] {manager.py:997} INFO - 
================================================================================
DAG File Processing Stats

File Path                        PID    Runtime      # DAGs    # Errors  Last Runtime    Last Run               Last # of DB Queries
-------------------------------  -----  ---------  --------  ----------  --------------  -------------------  ----------------------
/opt/airflow/dags/reddit_dag.py                           1           0  0.17s           2025-02-21T04:18:08                      12
================================================================================
[2025-02-21T04:19:04.095+0000] {manager.py:997} INFO - 
================================================================================
DAG File Processing Stats

File Path                        PID    Runtime      # DAGs    # Errors  Last Runtime    Last Run               Last # of DB Queries
-------------------------------  -----  ---------  --------  ----------  --------------  -------------------  ----------------------
/opt/airflow/dags/reddit_dag.py                           1           0  0.30s           2025-02-21T04:18:38                      12
================================================================================
[2025-02-21T04:19:34.568+0000] {manager.py:997} INFO - 
================================================================================
DAG File Processing Stats

File Path                        PID    Runtime      # DAGs    # Errors  Last Runtime    Last Run               Last # of DB Queries
-------------------------------  -----  ---------  --------  ----------  --------------  -------------------  ----------------------
/opt/airflow/dags/reddit_dag.py                           1           0  0.17s           2025-02-21T04:19:09                      12
================================================================================
[2025-02-21T04:20:05.017+0000] {manager.py:997} INFO - 
================================================================================
DAG File Processing Stats

File Path                        PID    Runtime      # DAGs    # Errors  Last Runtime    Last Run               Last # of DB Queries
-------------------------------  -----  ---------  --------  ----------  --------------  -------------------  ----------------------
/opt/airflow/dags/reddit_dag.py                           1           0  0.31s           2025-02-21T04:19:39                      12
================================================================================
[2025-02-21T04:20:35.360+0000] {manager.py:997} INFO - 
================================================================================
DAG File Processing Stats

File Path                        PID    Runtime      # DAGs    # Errors  Last Runtime    Last Run               Last # of DB Queries
-------------------------------  -----  ---------  --------  ----------  --------------  -------------------  ----------------------
/opt/airflow/dags/reddit_dag.py                           1           0  0.17s           2025-02-21T04:20:10                      12
================================================================================
[2025-02-21T04:21:05.729+0000] {manager.py:997} INFO - 
================================================================================
DAG File Processing Stats

File Path                        PID    Runtime      # DAGs    # Errors  Last Runtime    Last Run               Last # of DB Queries
-------------------------------  -----  ---------  --------  ----------  --------------  -------------------  ----------------------
/opt/airflow/dags/reddit_dag.py                           1           0  0.17s           2025-02-21T04:20:40                      12
================================================================================
[2025-02-21T04:21:36.135+0000] {manager.py:997} INFO - 
================================================================================
DAG File Processing Stats

File Path                        PID    Runtime      # DAGs    # Errors  Last Runtime    Last Run               Last # of DB Queries
-------------------------------  -----  ---------  --------  ----------  --------------  -------------------  ----------------------
/opt/airflow/dags/reddit_dag.py                           1           0  0.22s           2025-02-21T04:21:11                      12
================================================================================
[2025-02-21T04:21:57.537+0000] {manager.py:821} INFO - Searching for files in /opt/airflow/dags
[2025-02-21T04:21:57.547+0000] {manager.py:824} INFO - There are 1 files in /opt/airflow/dags
[2025-02-21T04:22:06.666+0000] {manager.py:997} INFO - 
================================================================================
DAG File Processing Stats

File Path                        PID    Runtime      # DAGs    # Errors  Last Runtime    Last Run               Last # of DB Queries
-------------------------------  -----  ---------  --------  ----------  --------------  -------------------  ----------------------
/opt/airflow/dags/reddit_dag.py                           1           0  0.25s           2025-02-21T04:21:41                      12
================================================================================
[2025-02-21T04:22:37.056+0000] {manager.py:997} INFO - 
================================================================================
DAG File Processing Stats

File Path                        PID    Runtime      # DAGs    # Errors  Last Runtime    Last Run               Last # of DB Queries
-------------------------------  -----  ---------  --------  ----------  --------------  -------------------  ----------------------
/opt/airflow/dags/reddit_dag.py                           1           0  0.18s           2025-02-21T04:22:11                      12
================================================================================
[2025-02-21T04:23:07.481+0000] {manager.py:997} INFO - 
================================================================================
DAG File Processing Stats

File Path                        PID    Runtime      # DAGs    # Errors  Last Runtime    Last Run               Last # of DB Queries
-------------------------------  -----  ---------  --------  ----------  --------------  -------------------  ----------------------
/opt/airflow/dags/reddit_dag.py                           1           0  0.27s           2025-02-21T04:22:42                      12
================================================================================
[2025-02-21T04:23:37.944+0000] {manager.py:997} INFO - 
================================================================================
DAG File Processing Stats

File Path                        PID    Runtime      # DAGs    # Errors  Last Runtime    Last Run               Last # of DB Queries
-------------------------------  -----  ---------  --------  ----------  --------------  -------------------  ----------------------
/opt/airflow/dags/reddit_dag.py                           1           0  0.19s           2025-02-21T04:23:12                      12
================================================================================
[2025-02-21T04:24:08.402+0000] {manager.py:997} INFO - 
================================================================================
DAG File Processing Stats

File Path                        PID    Runtime      # DAGs    # Errors  Last Runtime    Last Run               Last # of DB Queries
-------------------------------  -----  ---------  --------  ----------  --------------  -------------------  ----------------------
/opt/airflow/dags/reddit_dag.py                           1           0  0.46s           2025-02-21T04:23:43                      12
================================================================================
[2025-02-21T04:24:39.184+0000] {manager.py:997} INFO - 
================================================================================
DAG File Processing Stats

File Path                        PID    Runtime      # DAGs    # Errors  Last Runtime    Last Run               Last # of DB Queries
-------------------------------  -----  ---------  --------  ----------  --------------  -------------------  ----------------------
/opt/airflow/dags/reddit_dag.py                           1           0  0.23s           2025-02-21T04:24:14                      12
================================================================================
[2025-02-21T04:25:09.705+0000] {manager.py:997} INFO - 
================================================================================
DAG File Processing Stats

File Path                        PID    Runtime      # DAGs    # Errors  Last Runtime    Last Run               Last # of DB Queries
-------------------------------  -----  ---------  --------  ----------  --------------  -------------------  ----------------------
/opt/airflow/dags/reddit_dag.py                           1           0  0.22s           2025-02-21T04:24:44                      12
================================================================================
[2025-02-21T04:25:40.079+0000] {manager.py:997} INFO - 
================================================================================
DAG File Processing Stats

File Path                        PID    Runtime      # DAGs    # Errors  Last Runtime    Last Run               Last # of DB Queries
-------------------------------  -----  ---------  --------  ----------  --------------  -------------------  ----------------------
/opt/airflow/dags/reddit_dag.py                           1           0  0.18s           2025-02-21T04:25:14                      12
================================================================================
[2025-02-21T04:26:10.531+0000] {manager.py:997} INFO - 
================================================================================
DAG File Processing Stats

File Path                        PID    Runtime      # DAGs    # Errors  Last Runtime    Last Run               Last # of DB Queries
-------------------------------  -----  ---------  --------  ----------  --------------  -------------------  ----------------------
/opt/airflow/dags/reddit_dag.py                           1           0  0.18s           2025-02-21T04:25:45                      12
================================================================================
[2025-02-21T04:26:40.902+0000] {manager.py:997} INFO - 
================================================================================
DAG File Processing Stats

File Path                        PID    Runtime      # DAGs    # Errors  Last Runtime    Last Run               Last # of DB Queries
-------------------------------  -----  ---------  --------  ----------  --------------  -------------------  ----------------------
/opt/airflow/dags/reddit_dag.py                           1           0  0.17s           2025-02-21T04:26:15                      12
================================================================================
[2025-02-21T04:26:58.238+0000] {manager.py:821} INFO - Searching for files in /opt/airflow/dags
[2025-02-21T04:26:58.249+0000] {manager.py:824} INFO - There are 1 files in /opt/airflow/dags
[2025-02-21T04:27:11.434+0000] {manager.py:997} INFO - 
================================================================================
DAG File Processing Stats

File Path                        PID    Runtime      # DAGs    # Errors  Last Runtime    Last Run               Last # of DB Queries
-------------------------------  -----  ---------  --------  ----------  --------------  -------------------  ----------------------
/opt/airflow/dags/reddit_dag.py                           1           0  0.26s           2025-02-21T04:26:46                      12
================================================================================
[2025-02-21T04:27:41.893+0000] {manager.py:997} INFO - 
================================================================================
DAG File Processing Stats

File Path                        PID    Runtime      # DAGs    # Errors  Last Runtime    Last Run               Last # of DB Queries
-------------------------------  -----  ---------  --------  ----------  --------------  -------------------  ----------------------
/opt/airflow/dags/reddit_dag.py                           1           0  0.18s           2025-02-21T04:27:16                      12
================================================================================
[2025-02-21T04:28:12.356+0000] {manager.py:997} INFO - 
================================================================================
DAG File Processing Stats

File Path                        PID    Runtime      # DAGs    # Errors  Last Runtime    Last Run               Last # of DB Queries
-------------------------------  -----  ---------  --------  ----------  --------------  -------------------  ----------------------
/opt/airflow/dags/reddit_dag.py                           1           0  0.22s           2025-02-21T04:27:47                      12
================================================================================
[2025-02-21T04:28:42.769+0000] {manager.py:997} INFO - 
================================================================================
DAG File Processing Stats

File Path                        PID    Runtime      # DAGs    # Errors  Last Runtime    Last Run               Last # of DB Queries
-------------------------------  -----  ---------  --------  ----------  --------------  -------------------  ----------------------
/opt/airflow/dags/reddit_dag.py                           1           0  0.20s           2025-02-21T04:28:17                      12
================================================================================
[2025-02-21T04:29:13.207+0000] {manager.py:997} INFO - 
================================================================================
DAG File Processing Stats

File Path                        PID    Runtime      # DAGs    # Errors  Last Runtime    Last Run               Last # of DB Queries
-------------------------------  -----  ---------  --------  ----------  --------------  -------------------  ----------------------
/opt/airflow/dags/reddit_dag.py                           1           0  0.17s           2025-02-21T04:28:48                      12
================================================================================
[2025-02-21T04:29:43.602+0000] {manager.py:997} INFO - 
================================================================================
DAG File Processing Stats

File Path                        PID    Runtime      # DAGs    # Errors  Last Runtime    Last Run               Last # of DB Queries
-------------------------------  -----  ---------  --------  ----------  --------------  -------------------  ----------------------
/opt/airflow/dags/reddit_dag.py                           1           0  0.23s           2025-02-21T04:29:18                      12
================================================================================
[2025-02-21T04:30:14.161+0000] {manager.py:997} INFO - 
================================================================================
DAG File Processing Stats

File Path                        PID    Runtime      # DAGs    # Errors  Last Runtime    Last Run               Last # of DB Queries
-------------------------------  -----  ---------  --------  ----------  --------------  -------------------  ----------------------
/opt/airflow/dags/reddit_dag.py                           1           0  0.17s           2025-02-21T04:29:48                      12
================================================================================
[2025-02-21T04:30:44.601+0000] {manager.py:997} INFO - 
================================================================================
DAG File Processing Stats

File Path                        PID    Runtime      # DAGs    # Errors  Last Runtime    Last Run               Last # of DB Queries
-------------------------------  -----  ---------  --------  ----------  --------------  -------------------  ----------------------
/opt/airflow/dags/reddit_dag.py                           1           0  0.18s           2025-02-21T04:30:19                      12
================================================================================
[2025-02-21T04:31:15.124+0000] {manager.py:997} INFO - 
================================================================================
DAG File Processing Stats

File Path                        PID    Runtime      # DAGs    # Errors  Last Runtime    Last Run               Last # of DB Queries
-------------------------------  -----  ---------  --------  ----------  --------------  -------------------  ----------------------
/opt/airflow/dags/reddit_dag.py                           1           0  0.17s           2025-02-21T04:30:49                      12
================================================================================
[2025-02-21T04:31:45.512+0000] {manager.py:997} INFO - 
================================================================================
DAG File Processing Stats

File Path                        PID    Runtime      # DAGs    # Errors  Last Runtime    Last Run               Last # of DB Queries
-------------------------------  -----  ---------  --------  ----------  --------------  -------------------  ----------------------
/opt/airflow/dags/reddit_dag.py                           1           0  0.18s           2025-02-21T04:31:20                      12
================================================================================
[2025-02-21T04:31:58.809+0000] {manager.py:821} INFO - Searching for files in /opt/airflow/dags
[2025-02-21T04:31:58.819+0000] {manager.py:824} INFO - There are 1 files in /opt/airflow/dags
[2025-02-21T04:32:16.113+0000] {manager.py:997} INFO - 
================================================================================
DAG File Processing Stats

File Path                        PID    Runtime      # DAGs    # Errors  Last Runtime    Last Run               Last # of DB Queries
-------------------------------  -----  ---------  --------  ----------  --------------  -------------------  ----------------------
/opt/airflow/dags/reddit_dag.py                           1           0  0.21s           2025-02-21T04:31:50                      12
================================================================================
[2025-02-21T04:32:46.529+0000] {manager.py:997} INFO - 
================================================================================
DAG File Processing Stats

File Path                        PID    Runtime      # DAGs    # Errors  Last Runtime    Last Run               Last # of DB Queries
-------------------------------  -----  ---------  --------  ----------  --------------  -------------------  ----------------------
/opt/airflow/dags/reddit_dag.py                           1           0  0.18s           2025-02-21T04:32:21                      12
================================================================================
[2025-02-21T04:33:16.990+0000] {manager.py:997} INFO - 
================================================================================
DAG File Processing Stats

File Path                        PID    Runtime      # DAGs    # Errors  Last Runtime    Last Run               Last # of DB Queries
-------------------------------  -----  ---------  --------  ----------  --------------  -------------------  ----------------------
/opt/airflow/dags/reddit_dag.py                           1           0  0.27s           2025-02-21T04:32:51                      12
================================================================================
[2025-02-21T04:33:47.506+0000] {manager.py:997} INFO - 
================================================================================
DAG File Processing Stats

File Path                        PID    Runtime      # DAGs    # Errors  Last Runtime    Last Run               Last # of DB Queries
-------------------------------  -----  ---------  --------  ----------  --------------  -------------------  ----------------------
/opt/airflow/dags/reddit_dag.py                           1           0  0.19s           2025-02-21T04:33:22                      12
================================================================================
[2025-02-21T04:34:17.923+0000] {manager.py:997} INFO - 
================================================================================
DAG File Processing Stats

File Path                        PID    Runtime      # DAGs    # Errors  Last Runtime    Last Run               Last # of DB Queries
-------------------------------  -----  ---------  --------  ----------  --------------  -------------------  ----------------------
/opt/airflow/dags/reddit_dag.py                           1           0  0.27s           2025-02-21T04:33:52                      12
================================================================================
[2025-02-21T04:34:48.533+0000] {manager.py:997} INFO - 
================================================================================
DAG File Processing Stats

File Path                        PID    Runtime      # DAGs    # Errors  Last Runtime    Last Run               Last # of DB Queries
-------------------------------  -----  ---------  --------  ----------  --------------  -------------------  ----------------------
/opt/airflow/dags/reddit_dag.py                           1           0  0.26s           2025-02-21T04:34:23                      12
================================================================================
[2025-02-21T04:35:18.884+0000] {manager.py:997} INFO - 
================================================================================
DAG File Processing Stats

File Path                        PID    Runtime      # DAGs    # Errors  Last Runtime    Last Run               Last # of DB Queries
-------------------------------  -----  ---------  --------  ----------  --------------  -------------------  ----------------------
/opt/airflow/dags/reddit_dag.py                           1           0  0.18s           2025-02-21T04:34:53                      12
================================================================================
[2025-02-21T04:35:49.494+0000] {manager.py:997} INFO - 
================================================================================
DAG File Processing Stats

File Path                        PID    Runtime      # DAGs    # Errors  Last Runtime    Last Run               Last # of DB Queries
-------------------------------  -----  ---------  --------  ----------  --------------  -------------------  ----------------------
/opt/airflow/dags/reddit_dag.py                           1           0  0.33s           2025-02-21T04:35:24                      12
================================================================================
[2025-02-21T04:36:19.987+0000] {manager.py:997} INFO - 
================================================================================
DAG File Processing Stats

File Path                        PID    Runtime      # DAGs    # Errors  Last Runtime    Last Run               Last # of DB Queries
-------------------------------  -----  ---------  --------  ----------  --------------  -------------------  ----------------------
/opt/airflow/dags/reddit_dag.py                           1           0  0.19s           2025-02-21T04:35:54                      12
================================================================================
[2025-02-21T04:36:50.392+0000] {manager.py:997} INFO - 
================================================================================
DAG File Processing Stats

File Path                        PID    Runtime      # DAGs    # Errors  Last Runtime    Last Run               Last # of DB Queries
-------------------------------  -----  ---------  --------  ----------  --------------  -------------------  ----------------------
/opt/airflow/dags/reddit_dag.py                           1           0  0.23s           2025-02-21T04:36:25                      12
================================================================================
[2025-02-21T04:36:59.502+0000] {manager.py:821} INFO - Searching for files in /opt/airflow/dags
[2025-02-21T04:36:59.507+0000] {manager.py:824} INFO - There are 1 files in /opt/airflow/dags
[2025-02-21T04:37:20.775+0000] {manager.py:997} INFO - 
================================================================================
DAG File Processing Stats

File Path                        PID    Runtime      # DAGs    # Errors  Last Runtime    Last Run               Last # of DB Queries
-------------------------------  -----  ---------  --------  ----------  --------------  -------------------  ----------------------
/opt/airflow/dags/reddit_dag.py                           1           0  0.16s           2025-02-21T04:36:55                      12
================================================================================
[2025-02-21T04:37:51.163+0000] {manager.py:997} INFO - 
================================================================================
DAG File Processing Stats

File Path                        PID    Runtime      # DAGs    # Errors  Last Runtime    Last Run               Last # of DB Queries
-------------------------------  -----  ---------  --------  ----------  --------------  -------------------  ----------------------
/opt/airflow/dags/reddit_dag.py                           1           0  0.26s           2025-02-21T04:37:26                      12
================================================================================
[2025-02-21T04:38:21.701+0000] {manager.py:997} INFO - 
================================================================================
DAG File Processing Stats

File Path                        PID    Runtime      # DAGs    # Errors  Last Runtime    Last Run               Last # of DB Queries
-------------------------------  -----  ---------  --------  ----------  --------------  -------------------  ----------------------
/opt/airflow/dags/reddit_dag.py                           1           0  0.20s           2025-02-21T04:37:56                      12
================================================================================
[2025-02-21T04:38:52.095+0000] {manager.py:997} INFO - 
================================================================================
DAG File Processing Stats

File Path                        PID    Runtime      # DAGs    # Errors  Last Runtime    Last Run               Last # of DB Queries
-------------------------------  -----  ---------  --------  ----------  --------------  -------------------  ----------------------
/opt/airflow/dags/reddit_dag.py                           1           0  0.34s           2025-02-21T04:38:27                      12
================================================================================
[2025-02-21T04:39:22.487+0000] {manager.py:997} INFO - 
================================================================================
DAG File Processing Stats

File Path                        PID    Runtime      # DAGs    # Errors  Last Runtime    Last Run               Last # of DB Queries
-------------------------------  -----  ---------  --------  ----------  --------------  -------------------  ----------------------
/opt/airflow/dags/reddit_dag.py                           1           0  0.17s           2025-02-21T04:38:57                      12
================================================================================
[2025-02-21T04:39:52.883+0000] {manager.py:997} INFO - 
================================================================================
DAG File Processing Stats

File Path                        PID    Runtime      # DAGs    # Errors  Last Runtime    Last Run               Last # of DB Queries
-------------------------------  -----  ---------  --------  ----------  --------------  -------------------  ----------------------
/opt/airflow/dags/reddit_dag.py                           1           0  0.30s           2025-02-21T04:39:27                      12
================================================================================
[2025-02-21T04:40:23.447+0000] {manager.py:997} INFO - 
================================================================================
DAG File Processing Stats

File Path                        PID    Runtime      # DAGs    # Errors  Last Runtime    Last Run               Last # of DB Queries
-------------------------------  -----  ---------  --------  ----------  --------------  -------------------  ----------------------
/opt/airflow/dags/reddit_dag.py                           1           0  0.17s           2025-02-21T04:39:58                      12
================================================================================
[2025-02-21T04:40:53.870+0000] {manager.py:997} INFO - 
================================================================================
DAG File Processing Stats

File Path                        PID    Runtime      # DAGs    # Errors  Last Runtime    Last Run               Last # of DB Queries
-------------------------------  -----  ---------  --------  ----------  --------------  -------------------  ----------------------
/opt/airflow/dags/reddit_dag.py                           1           0  0.24s           2025-02-21T04:40:28                      12
================================================================================
[2025-02-21T04:41:24.382+0000] {manager.py:997} INFO - 
================================================================================
DAG File Processing Stats

File Path                        PID    Runtime      # DAGs    # Errors  Last Runtime    Last Run               Last # of DB Queries
-------------------------------  -----  ---------  --------  ----------  --------------  -------------------  ----------------------
/opt/airflow/dags/reddit_dag.py                           1           0  0.17s           2025-02-21T04:40:59                      12
================================================================================
[2025-02-21T04:41:54.777+0000] {manager.py:997} INFO - 
================================================================================
DAG File Processing Stats

File Path                        PID    Runtime      # DAGs    # Errors  Last Runtime    Last Run               Last # of DB Queries
-------------------------------  -----  ---------  --------  ----------  --------------  -------------------  ----------------------
/opt/airflow/dags/reddit_dag.py                           1           0  0.24s           2025-02-21T04:41:29                      12
================================================================================
[2025-02-21T04:41:59.839+0000] {manager.py:821} INFO - Searching for files in /opt/airflow/dags
[2025-02-21T04:41:59.845+0000] {manager.py:824} INFO - There are 1 files in /opt/airflow/dags
[2025-02-21T04:42:25.323+0000] {manager.py:997} INFO - 
================================================================================
DAG File Processing Stats

File Path                        PID    Runtime      # DAGs    # Errors  Last Runtime    Last Run               Last # of DB Queries
-------------------------------  -----  ---------  --------  ----------  --------------  -------------------  ----------------------
/opt/airflow/dags/reddit_dag.py                           1           0  0.16s           2025-02-21T04:42:00                      12
================================================================================
[2025-02-21T04:42:55.670+0000] {manager.py:997} INFO - 
================================================================================
DAG File Processing Stats

File Path                        PID    Runtime      # DAGs    # Errors  Last Runtime    Last Run               Last # of DB Queries
-------------------------------  -----  ---------  --------  ----------  --------------  -------------------  ----------------------
/opt/airflow/dags/reddit_dag.py                           1           0  0.23s           2025-02-21T04:42:30                      12
================================================================================
[2025-02-21T04:43:26.195+0000] {manager.py:997} INFO - 
================================================================================
DAG File Processing Stats

File Path                        PID    Runtime      # DAGs    # Errors  Last Runtime    Last Run               Last # of DB Queries
-------------------------------  -----  ---------  --------  ----------  --------------  -------------------  ----------------------
/opt/airflow/dags/reddit_dag.py                           1           0  0.23s           2025-02-21T04:43:00                      12
================================================================================
[2025-02-21T04:43:56.528+0000] {manager.py:997} INFO - 
================================================================================
DAG File Processing Stats

File Path                        PID    Runtime      # DAGs    # Errors  Last Runtime    Last Run               Last # of DB Queries
-------------------------------  -----  ---------  --------  ----------  --------------  -------------------  ----------------------
/opt/airflow/dags/reddit_dag.py                           1           0  0.19s           2025-02-21T04:43:31                      12
================================================================================
[2025-02-21T04:44:27.000+0000] {manager.py:997} INFO - 
================================================================================
DAG File Processing Stats

File Path                        PID    Runtime      # DAGs    # Errors  Last Runtime    Last Run               Last # of DB Queries
-------------------------------  -----  ---------  --------  ----------  --------------  -------------------  ----------------------
/opt/airflow/dags/reddit_dag.py                           1           0  0.18s           2025-02-21T04:44:01                      12
================================================================================
[2025-02-21T04:44:57.328+0000] {manager.py:997} INFO - 
================================================================================
DAG File Processing Stats

File Path                        PID    Runtime      # DAGs    # Errors  Last Runtime    Last Run               Last # of DB Queries
-------------------------------  -----  ---------  --------  ----------  --------------  -------------------  ----------------------
/opt/airflow/dags/reddit_dag.py                           1           0  0.24s           2025-02-21T04:44:32                      12
================================================================================
[2025-02-21T04:45:27.827+0000] {manager.py:997} INFO - 
================================================================================
DAG File Processing Stats

File Path                        PID    Runtime      # DAGs    # Errors  Last Runtime    Last Run               Last # of DB Queries
-------------------------------  -----  ---------  --------  ----------  --------------  -------------------  ----------------------
/opt/airflow/dags/reddit_dag.py                           1           0  0.19s           2025-02-21T04:45:02                      12
================================================================================
[2025-02-21T04:45:58.169+0000] {manager.py:997} INFO - 
================================================================================
DAG File Processing Stats

File Path                        PID    Runtime      # DAGs    # Errors  Last Runtime    Last Run               Last # of DB Queries
-------------------------------  -----  ---------  --------  ----------  --------------  -------------------  ----------------------
/opt/airflow/dags/reddit_dag.py                           1           0  0.21s           2025-02-21T04:45:33                      12
================================================================================
[2025-02-21T04:46:28.675+0000] {manager.py:997} INFO - 
================================================================================
DAG File Processing Stats

File Path                        PID    Runtime      # DAGs    # Errors  Last Runtime    Last Run               Last # of DB Queries
-------------------------------  -----  ---------  --------  ----------  --------------  -------------------  ----------------------
/opt/airflow/dags/reddit_dag.py                           1           0  0.21s           2025-02-21T04:46:03                      12
================================================================================
[2025-02-21T04:46:59.019+0000] {manager.py:997} INFO - 
================================================================================
DAG File Processing Stats

File Path                        PID    Runtime      # DAGs    # Errors  Last Runtime    Last Run               Last # of DB Queries
-------------------------------  -----  ---------  --------  ----------  --------------  -------------------  ----------------------
/opt/airflow/dags/reddit_dag.py                           1           0  0.24s           2025-02-21T04:46:33                      12
================================================================================
[2025-02-21T04:47:00.029+0000] {manager.py:821} INFO - Searching for files in /opt/airflow/dags
[2025-02-21T04:47:00.039+0000] {manager.py:824} INFO - There are 1 files in /opt/airflow/dags
[2025-02-21T04:47:29.451+0000] {manager.py:997} INFO - 
================================================================================
DAG File Processing Stats

File Path                        PID    Runtime      # DAGs    # Errors  Last Runtime    Last Run               Last # of DB Queries
-------------------------------  -----  ---------  --------  ----------  --------------  -------------------  ----------------------
/opt/airflow/dags/reddit_dag.py                           1           0  0.15s           2025-02-21T04:47:04                      12
================================================================================
[2025-02-21T04:47:59.807+0000] {manager.py:997} INFO - 
================================================================================
DAG File Processing Stats

File Path                        PID    Runtime      # DAGs    # Errors  Last Runtime    Last Run               Last # of DB Queries
-------------------------------  -----  ---------  --------  ----------  --------------  -------------------  ----------------------
/opt/airflow/dags/reddit_dag.py                           1           0  0.22s           2025-02-21T04:47:34                      12
================================================================================
[2025-02-21T04:48:30.275+0000] {manager.py:997} INFO - 
================================================================================
DAG File Processing Stats

File Path                        PID    Runtime      # DAGs    # Errors  Last Runtime    Last Run               Last # of DB Queries
-------------------------------  -----  ---------  --------  ----------  --------------  -------------------  ----------------------
/opt/airflow/dags/reddit_dag.py                           1           0  0.18s           2025-02-21T04:48:05                      12
================================================================================
[2025-02-21T04:49:00.658+0000] {manager.py:997} INFO - 
================================================================================
DAG File Processing Stats

File Path                        PID    Runtime      # DAGs    # Errors  Last Runtime    Last Run               Last # of DB Queries
-------------------------------  -----  ---------  --------  ----------  --------------  -------------------  ----------------------
/opt/airflow/dags/reddit_dag.py                           1           0  0.21s           2025-02-21T04:48:35                      12
================================================================================
[2025-02-21T04:49:31.117+0000] {manager.py:997} INFO - 
================================================================================
DAG File Processing Stats

File Path                        PID    Runtime      # DAGs    # Errors  Last Runtime    Last Run               Last # of DB Queries
-------------------------------  -----  ---------  --------  ----------  --------------  -------------------  ----------------------
/opt/airflow/dags/reddit_dag.py                           1           0  0.23s           2025-02-21T04:49:05                      12
================================================================================
[2025-02-21T04:50:01.457+0000] {manager.py:997} INFO - 
================================================================================
DAG File Processing Stats

File Path                        PID    Runtime      # DAGs    # Errors  Last Runtime    Last Run               Last # of DB Queries
-------------------------------  -----  ---------  --------  ----------  --------------  -------------------  ----------------------
/opt/airflow/dags/reddit_dag.py                           1           0  0.24s           2025-02-21T04:49:36                      12
================================================================================
[2025-02-21T04:50:31.776+0000] {manager.py:997} INFO - 
================================================================================
DAG File Processing Stats

File Path                        PID    Runtime      # DAGs    # Errors  Last Runtime    Last Run               Last # of DB Queries
-------------------------------  -----  ---------  --------  ----------  --------------  -------------------  ----------------------
/opt/airflow/dags/reddit_dag.py                           1           0  0.17s           2025-02-21T04:50:06                      12
================================================================================
[2025-02-21T04:51:02.285+0000] {manager.py:997} INFO - 
================================================================================
DAG File Processing Stats

File Path                        PID    Runtime      # DAGs    # Errors  Last Runtime    Last Run               Last # of DB Queries
-------------------------------  -----  ---------  --------  ----------  --------------  -------------------  ----------------------
/opt/airflow/dags/reddit_dag.py                           1           0  0.22s           2025-02-21T04:50:37                      12
================================================================================
[2025-02-21T04:51:32.642+0000] {manager.py:997} INFO - 
================================================================================
DAG File Processing Stats

File Path                        PID    Runtime      # DAGs    # Errors  Last Runtime    Last Run               Last # of DB Queries
-------------------------------  -----  ---------  --------  ----------  --------------  -------------------  ----------------------
/opt/airflow/dags/reddit_dag.py                           1           0  0.18s           2025-02-21T04:51:07                      12
================================================================================
[2025-02-21T04:52:00.085+0000] {manager.py:821} INFO - Searching for files in /opt/airflow/dags
[2025-02-21T04:52:00.091+0000] {manager.py:824} INFO - There are 1 files in /opt/airflow/dags
[2025-02-21T04:52:03.141+0000] {manager.py:997} INFO - 
================================================================================
DAG File Processing Stats

File Path                        PID    Runtime      # DAGs    # Errors  Last Runtime    Last Run               Last # of DB Queries
-------------------------------  -----  ---------  --------  ----------  --------------  -------------------  ----------------------
/opt/airflow/dags/reddit_dag.py                           1           0  0.19s           2025-02-21T04:51:37                      12
================================================================================
[2025-02-21T04:52:33.479+0000] {manager.py:997} INFO - 
================================================================================
DAG File Processing Stats

File Path                        PID    Runtime      # DAGs    # Errors  Last Runtime    Last Run               Last # of DB Queries
-------------------------------  -----  ---------  --------  ----------  --------------  -------------------  ----------------------
/opt/airflow/dags/reddit_dag.py                           1           0  0.23s           2025-02-21T04:52:08                      12
================================================================================
[2025-02-21T04:53:03.917+0000] {manager.py:997} INFO - 
================================================================================
DAG File Processing Stats

File Path                        PID    Runtime      # DAGs    # Errors  Last Runtime    Last Run               Last # of DB Queries
-------------------------------  -----  ---------  --------  ----------  --------------  -------------------  ----------------------
/opt/airflow/dags/reddit_dag.py                           1           0  0.20s           2025-02-21T04:52:38                      12
================================================================================
[2025-02-21T04:53:34.252+0000] {manager.py:997} INFO - 
================================================================================
DAG File Processing Stats

File Path                        PID    Runtime      # DAGs    # Errors  Last Runtime    Last Run               Last # of DB Queries
-------------------------------  -----  ---------  --------  ----------  --------------  -------------------  ----------------------
/opt/airflow/dags/reddit_dag.py                           1           0  0.25s           2025-02-21T04:53:09                      12
================================================================================
[2025-02-21T04:54:04.616+0000] {manager.py:997} INFO - 
================================================================================
DAG File Processing Stats

File Path                        PID    Runtime      # DAGs    # Errors  Last Runtime    Last Run               Last # of DB Queries
-------------------------------  -----  ---------  --------  ----------  --------------  -------------------  ----------------------
/opt/airflow/dags/reddit_dag.py                           1           0  0.20s           2025-02-21T04:53:39                      12
================================================================================
[2025-02-21T04:54:35.136+0000] {manager.py:997} INFO - 
================================================================================
DAG File Processing Stats

File Path                        PID    Runtime      # DAGs    # Errors  Last Runtime    Last Run               Last # of DB Queries
-------------------------------  -----  ---------  --------  ----------  --------------  -------------------  ----------------------
/opt/airflow/dags/reddit_dag.py                           1           0  0.22s           2025-02-21T04:54:09                      12
================================================================================
[2025-02-21T04:55:05.486+0000] {manager.py:997} INFO - 
================================================================================
DAG File Processing Stats

File Path                        PID    Runtime      # DAGs    # Errors  Last Runtime    Last Run               Last # of DB Queries
-------------------------------  -----  ---------  --------  ----------  --------------  -------------------  ----------------------
/opt/airflow/dags/reddit_dag.py                           1           0  0.19s           2025-02-21T04:54:40                      12
================================================================================
[2025-02-21T04:55:35.981+0000] {manager.py:997} INFO - 
================================================================================
DAG File Processing Stats

File Path                        PID    Runtime      # DAGs    # Errors  Last Runtime    Last Run               Last # of DB Queries
-------------------------------  -----  ---------  --------  ----------  --------------  -------------------  ----------------------
/opt/airflow/dags/reddit_dag.py                           1           0  0.21s           2025-02-21T04:55:10                      12
================================================================================
[2025-02-21T04:56:06.282+0000] {manager.py:997} INFO - 
================================================================================
DAG File Processing Stats

File Path                        PID    Runtime      # DAGs    # Errors  Last Runtime    Last Run               Last # of DB Queries
-------------------------------  -----  ---------  --------  ----------  --------------  -------------------  ----------------------
/opt/airflow/dags/reddit_dag.py                           1           0  0.17s           2025-02-21T04:55:41                      12
================================================================================
[2025-02-21T04:56:36.771+0000] {manager.py:997} INFO - 
================================================================================
DAG File Processing Stats

File Path                        PID    Runtime      # DAGs    # Errors  Last Runtime    Last Run               Last # of DB Queries
-------------------------------  -----  ---------  --------  ----------  --------------  -------------------  ----------------------
/opt/airflow/dags/reddit_dag.py                           1           0  0.22s           2025-02-21T04:56:11                      12
================================================================================
[2025-02-21T04:57:00.232+0000] {manager.py:821} INFO - Searching for files in /opt/airflow/dags
[2025-02-21T04:57:00.241+0000] {manager.py:824} INFO - There are 1 files in /opt/airflow/dags
[2025-02-21T04:57:07.132+0000] {manager.py:997} INFO - 
================================================================================
DAG File Processing Stats

File Path                        PID    Runtime      # DAGs    # Errors  Last Runtime    Last Run               Last # of DB Queries
-------------------------------  -----  ---------  --------  ----------  --------------  -------------------  ----------------------
/opt/airflow/dags/reddit_dag.py                           1           0  0.21s           2025-02-21T04:56:42                      12
================================================================================
[2025-02-21T04:57:37.674+0000] {manager.py:997} INFO - 
================================================================================
DAG File Processing Stats

File Path                        PID    Runtime      # DAGs    # Errors  Last Runtime    Last Run               Last # of DB Queries
-------------------------------  -----  ---------  --------  ----------  --------------  -------------------  ----------------------
/opt/airflow/dags/reddit_dag.py                           1           0  0.21s           2025-02-21T04:57:12                      12
================================================================================
[2025-02-21T04:58:08.068+0000] {manager.py:997} INFO - 
================================================================================
DAG File Processing Stats

File Path                        PID    Runtime      # DAGs    # Errors  Last Runtime    Last Run               Last # of DB Queries
-------------------------------  -----  ---------  --------  ----------  --------------  -------------------  ----------------------
/opt/airflow/dags/reddit_dag.py                           1           0  0.24s           2025-02-21T04:57:42                      12
================================================================================
[2025-02-21T04:58:38.484+0000] {manager.py:997} INFO - 
================================================================================
DAG File Processing Stats

File Path                        PID    Runtime      # DAGs    # Errors  Last Runtime    Last Run               Last # of DB Queries
-------------------------------  -----  ---------  --------  ----------  --------------  -------------------  ----------------------
/opt/airflow/dags/reddit_dag.py                           1           0  0.29s           2025-02-21T04:58:13                      12
================================================================================
[2025-02-21T04:59:09.068+0000] {manager.py:997} INFO - 
================================================================================
DAG File Processing Stats

File Path                        PID    Runtime      # DAGs    # Errors  Last Runtime    Last Run               Last # of DB Queries
-------------------------------  -----  ---------  --------  ----------  --------------  -------------------  ----------------------
/opt/airflow/dags/reddit_dag.py                           1           0  0.25s           2025-02-21T04:58:43                      12
================================================================================
